case,pattern,users,metric,n,mean,sd,minimum,maximum,rep1,rep2,rep3
Case 1,coherent,50,viewport_mean_s,3,7.0102144424042505,0.18165442142673247,6.801196535642904,7.12995378690629,7.099493004663557,6.801196535642904,7.12995378690629
Case 1,coherent,50,viewport_p50_s,3,1.6760000000000002,0.11387602908426339,1.5915000000000001,1.8055,1.8055,1.5915000000000001,1.631
Case 1,coherent,50,viewport_p95_s,3,22.722466666666666,6.781643903644109,14.9838,27.628849999999993,27.628849999999993,14.9838,25.554750000000002
Case 1,coherent,50,slide_open_p95_s,3,193.1727,238.43835115693952,55.3149,468.4975,55.3149,468.4975,55.70570000000001
Case 1,coherent,50,response_mean_kB,3,8.917038044202922,0.13284501226903472,8.790707713839035,9.055557592186222,9.055557592186222,8.904848826583509,8.790707713839035
Case 1,coherent,50,ttfb_p95_ms,3,744.0573383333332,11.041913968303179,737.0197999999999,756.7836399999999,756.7836399999999,738.3685749999997,737.0197999999999
Case 1,coherent,50,tiles_per_s,3,656.7039360337312,33.27503858334127,621.0301302923955,686.9005670838508,662.1811107249473,621.0301302923955,686.9005670838508
Case 1,coherent,50,tile_Mbps,3,46.83984193423802,2.256525611866318,44.241435416057925,48.30673690963531,47.97135347702081,44.241435416057925,48.30673690963531
Case 1,coherent,100,viewport_mean_s,3,13.427571476473345,0.1090213878171217,13.301684443409409,13.490579656293544,13.301684443409409,13.490579656293544,13.490450329717081
Case 1,coherent,100,viewport_p50_s,3,1.9515,0.09573531218939009,1.8935,2.062,1.899,1.8935,2.062
Case 1,coherent,100,viewport_p95_s,3,52.13525,7.60820470364067,43.379,57.1305,57.1305,55.89625,43.379
Case 1,coherent,100,slide_open_p95_s,3,386.9314,188.66168422072354,222.8474,593.0724,222.8474,344.87440000000004,593.0724
Case 1,coherent,100,response_mean_kB,3,8.994709319084306,0.027117607082580212,8.97596985715618,9.025804358765818,8.982353741330922,8.97596985715618,9.025804358765818
Case 1,coherent,100,ttfb_p95_ms,3,806.3763683333333,6.769185624047077,801.073545,814.0008999999997,801.073545,804.0546600000001,814.0008999999997
Case 1,coherent,100,tiles_per_s,3,757.2458662060247,33.616325510888494,725.9524287662488,792.7822284811938,753.0029413706317,725.9524287662488,792.7822284811938
Case 1,coherent,100,tile_Mbps,3,54.49430186497731,2.5790550958542515,52.129016946681354,57.243978347021105,54.10991030122946,52.129016946681354,57.243978347021105
Case 1,coherent,150,viewport_mean_s,3,22.117016087206284,2.3540929197384366,19.83243523944231,24.534951930977815,21.983661091198726,24.534951930977815,19.83243523944231
Case 1,coherent,150,viewport_p50_s,3,4.835333333333333,2.172515036388318,3.4865,7.3415,3.4865,7.3415,3.678
Case 1,coherent,150,viewport_p95_s,3,103.92571666666647,18.648925224683644,82.71799999999955,117.76329999999997,111.29584999999992,117.76329999999997,82.71799999999955
Case 1,coherent,150,slide_open_p95_s,3,287.7108333333331,117.9172941440877,151.90739999999988,364.13069999999936,364.13069999999936,151.90739999999988,347.0944
Case 1,coherent,150,response_mean_kB,3,8.861590877050912,0.0303195683051331,8.828005340917548,8.886944313560274,8.886944313560274,8.828005340917548,8.869822976674913
Case 1,coherent,150,ttfb_p95_ms,3,977.3577483333328,67.30931008588234,900.0884249999999,1023.2471999999996,1008.737619999999,900.0884249999999,1023.2471999999996
Case 1,coherent,150,tiles_per_s,3,781.7408564033808,25.07797902646646,755.9279734117596,806.0128746904302,806.0128746904302,755.9279734117596,783.2817211079528
Case 1,coherent,150,tile_Mbps,3,55.42372780561938,1.963325082708032,53.38668949302392,57.30393226709191,57.30393226709191,53.38668949302392,55.58056165674231
Case 1,coherent,200,viewport_mean_s,3,27.981902026046267,0.46137455365747704,27.501435331230287,28.42145997088792,28.0228107760206,27.501435331230287,28.42145997088792
Case 1,coherent,200,viewport_p50_s,3,4.200666666666667,0.04904164896629542,4.155,4.2525,4.1945,4.155,4.2525
Case 1,coherent,200,viewport_p95_s,3,137.3179,2.8690404092657986,135.3696,140.6125,135.9716,135.3696,140.6125
Case 1,coherent,200,slide_open_p95_s,3,558.0550666666667,72.6567312441926,474.1583,600.00495,600.00495,600.00195,474.1583
Case 1,coherent,200,response_mean_kB,3,8.740137434915066,0.07694937673091605,8.651350365761296,8.787505669912012,8.781556269071892,8.787505669912012,8.651350365761296
Case 1,coherent,200,ttfb_p95_ms,3,1258.7072133333334,43.82569576818739,1224.6867600000003,1308.1619799999999,1224.6867600000003,1243.2729,1308.1619799999999
Case 1,coherent,200,tiles_per_s,3,809.9895938119927,0.7054777279445384,809.2576839941706,810.6652741453647,810.6652741453647,809.2576839941706,810.0458232964428
Case 1,coherent,200,tile_Mbps,3,56.63533183058091,0.49577531770498484,56.06392183727273,56.9512217623209,56.9512217623209,56.890851892149094,56.06392183727273
Case 1,coherent,250,viewport_mean_s,3,32.48128547496223,0.8895820163405286,31.931767878477558,33.507628581290994,33.507628581290994,31.931767878477558,32.00445996511812
Case 1,coherent,250,viewport_p50_s,3,4.782166666666667,0.8000697365438425,3.876,5.391,5.0795,5.391,3.876
Case 1,coherent,250,viewport_p95_s,3,187.6315666666663,30.945013745243557,153.69089999999986,214.27749999999907,214.27749999999907,153.69089999999986,194.9262999999999
Case 1,coherent,250,slide_open_p95_s,3,369.6525833333333,93.45703379907172,282.0095,468.0015,468.0015,358.94674999999995,282.0095
Case 1,coherent,250,response_mean_kB,3,8.646323664840567,0.08286176228217318,8.552235877373487,8.708423714646278,8.552235877373487,8.678311402501937,8.708423714646278
Case 1,coherent,250,ttfb_p95_ms,3,1528.0534749999983,66.93491142545702,1473.5359249999995,1602.7586399999966,1507.8658599999987,1473.5359249999995,1602.7586399999966
Case 1,coherent,250,tiles_per_s,3,844.129326071411,41.9798891904872,814.4460276556723,892.1596396515813,814.4460276556723,825.7823109069794,892.1596396515813
Case 1,coherent,250,tile_Mbps,3,58.40275932219122,3.3471039616998715,55.72267630320928,62.15443330553688,55.72267630320928,57.33116835782751,62.15443330553688
Case 1,coherent,300,viewport_mean_s,3,41.64742092705744,4.494472360278187,38.73979661016949,46.824077753384564,39.37838841761827,46.824077753384564,38.73979661016949
Case 1,coherent,300,viewport_p50_s,3,12.009166666666667,7.83890334060405,7.33,21.059,7.6385000000000005,21.059,7.33
Case 1,coherent,300,viewport_p95_s,3,231.0234166666667,1.1976861372385545,229.64425,231.80175000000008,231.80175000000008,231.62425000000002,229.64425
Case 1,coherent,300,slide_open_p95_s,3,318.9904,46.166756240908896,265.69205,346.5527,346.5527,344.72645,265.69205
Case 1,coherent,300,response_mean_kB,3,8.609837659764036,0.09128169139337781,8.540553151645092,8.713270101239104,8.540553151645092,8.713270101239104,8.57568972640791
Case 1,coherent,300,ttfb_p95_ms,3,5716.352589999975,4717.067912236775,2121.450209999999,11057.56411999993,2121.450209999999,11057.56411999993,3970.0434399999963
Case 1,coherent,300,tiles_per_s,3,696.5745778399337,210.92557927819868,453.0204344702596,819.148160316815,817.5551387327265,453.0204344702596,819.148160316815
Case 1,coherent,300,tile_Mbps,3,47.87846129733958,14.117358737955135,31.57831525536049,56.19808370267881,55.85898493397943,31.57831525536049,56.19808370267881
Case 1,random,50,viewport_mean_s,3,7.26447513865213,0.18871733980706504,7.09898322368421,7.469995498614959,7.469995498614959,7.22444669365722,7.09898322368421
Case 1,random,50,viewport_p50_s,3,1.6068333333333333,0.3175540636385139,1.2635,1.8900000000000001,1.2635,1.8900000000000001,1.667
Case 1,random,50,viewport_p95_s,3,25.82255,4.129445862340365,21.072950000000006,28.56245,21.072950000000006,28.56245,27.832249999999995
Case 1,random,50,slide_open_p95_s,3,94.94156666666656,110.36546273366433,29.835849999999926,222.3705,222.3705,32.61834999999978,29.835849999999926
Case 1,random,50,response_mean_kB,3,9.236903828128835,0.024286473655441006,9.219248170929104,9.264600708884297,9.226862604573103,9.264600708884297,9.219248170929104
Case 1,random,50,ttfb_p95_ms,3,713.9280133333324,86.06538405139234,617.5703699999979,783.1699249999992,617.5703699999979,783.1699249999992,741.043745
Case 1,random,50,tiles_per_s,3,702.1027455567448,46.66604061252106,649.8975492560631,739.7674566564965,649.8975492560631,716.6432307576748,739.7674566564965
Case 1,random,50,tile_Mbps,3,51.882742798459844,3.4629569223090417,47.9721231522758,54.56079817354624,47.9721231522758,53.11530706955749,54.56079817354624
Case 1,random,100,viewport_mean_s,3,14.33968488731322,0.37921137370125263,14.055090066539924,14.77017599460553,14.193788600794207,14.055090066539924,14.77017599460553
Case 1,random,100,viewport_p50_s,3,2.250166666666667,0.2524580823291925,1.97,2.46,1.97,2.3205,2.46
Case 1,random,100,viewport_p95_s,3,55.99851666666665,0.963319936902237,55.156,57.04874999999999,55.156,57.04874999999999,55.790799999999976
Case 1,random,100,slide_open_p95_s,3,229.14034999999998,10.716969207639776,221.70085,241.42419999999993,221.70085,224.296,241.42419999999993
Case 1,random,100,response_mean_kB,3,9.253229027223822,0.00583197721425067,9.246934791433935,9.258449525231894,9.246934791433935,9.258449525231894,9.254302765005637
Case 1,random,100,ttfb_p95_ms,3,839.7926399999998,14.765866144916586,826.0042,855.3724799999995,838.0012399999997,826.0042,855.3724799999995
Case 1,random,100,tiles_per_s,3,729.4289835911488,21.528865557332413,711.4212954139633,753.2748095915563,723.590845767927,711.4212954139633,753.2748095915563
Case 1,random,100,tile_Mbps,3,53.99650313192547,1.5901391213869156,52.693265238122144,55.76826522569786,53.527978931956405,52.693265238122144,55.76826522569786
Case 1,random,150,viewport_mean_s,3,21.970579864306064,1.0238314753946032,20.865641796799693,22.887143377885785,22.887143377885785,20.865641796799693,22.15895441823271
Case 1,random,150,viewport_p50_s,3,3.873,0.3748763129353465,3.4490000000000003,4.1605,4.0095,3.4490000000000003,4.1605
Case 1,random,150,viewport_p95_s,3,116.03688333333332,1.1374262309412873,114.7402,116.86604999999999,116.50439999999996,114.7402,116.86604999999999
Case 1,random,150,slide_open_p95_s,3,255.72265,5.027415935895879,250.47820000000002,260.5005,250.47820000000002,256.18924999999996,260.5005
Case 1,random,150,response_mean_kB,3,9.233740434346139,0.00894563721125708,9.223558690809543,9.240339118779088,9.223558690809543,9.240339118779088,9.237323493449782
Case 1,random,150,ttfb_p95_ms,3,1041.8075216666653,143.42842730667306,887.399164999998,1170.8793999999994,1170.8793999999994,887.399164999998,1067.1439999999986
Case 1,random,150,tiles_per_s,3,805.2376713289177,35.631185155788025,782.278401914997,846.2847766174192,782.278401914997,846.2847766174192,787.1498354543369
Case 1,random,150,tile_Mbps,3,59.48401799340881,2.6729141435677093,57.72312602092536,62.55966661604127,57.72312602092536,62.55966661604127,58.16926134325981
Case 1,random,200,viewport_mean_s,3,28.98307183479108,0.08605671783991287,28.889344295800818,29.05852091540049,29.05852091540049,29.00135029317193,28.889344295800818
Case 1,random,200,viewport_p50_s,3,4.746666666666667,0.8009427778145787,4.164,5.66,4.164,4.416,5.66
Case 1,random,200,viewport_p95_s,3,141.67558333333332,6.7600754811491095,137.55970000000002,149.4775,149.4775,137.55970000000002,137.98954999999995
Case 1,random,200,slide_open_p95_s,3,483.86606666666665,108.70005438919215,384.565,600.001,384.565,600.001,467.03220000000005
Case 1,random,200,response_mean_kB,3,9.229337138454106,0.01137575094455154,9.22063175938475,9.242208630193119,9.22063175938475,9.22517102578445,9.242208630193119
Case 1,random,200,ttfb_p95_ms,3,1171.2424233333331,99.18911268317349,1062.2900199999995,1256.30474,1062.2900199999995,1195.1325099999997,1256.30474
Case 1,random,200,tiles_per_s,3,785.0160020305302,4.924885343474658,779.332067244773,788.0134032029288,779.332067244773,787.702535643889,788.0134032029288
Case 1,random,200,tile_Mbps,3,57.961623719714744,0.415767445202495,57.487472082752994,58.26387420631966,57.487472082752994,58.133524870071575,58.26387420631966
Case 1,random,250,viewport_mean_s,3,35.66653450727073,0.6046809771885459,35.01976902654867,36.21775467625899,35.762079819004526,35.01976902654867,36.21775467625899
Case 1,random,250,viewport_p50_s,3,6.682166666666666,0.7279828867036187,5.845,7.1665,7.035,7.1665,5.845
Case 1,random,250,viewport_p95_s,3,223.63111666666668,2.2471250445476376,221.11425000000006,225.436,225.436,221.11425000000006,224.34310000000002
Case 1,random,250,slide_open_p95_s,3,355.4720666666667,17.574076472487338,345.09495000000004,375.7631,345.55815,345.09495000000004,375.7631
Case 1,random,250,response_mean_kB,3,9.222183453195763,0.011351077508781261,9.20942234738982,9.231154873630569,9.231154873630569,9.20942234738982,9.225973138566898
Case 1,random,250,ttfb_p95_ms,3,1518.4441800000002,112.714384127587,1402.7197,1627.8856400000004,1402.7197,1524.7272,1627.8856400000004
Case 1,random,250,tiles_per_s,3,775.503309969227,6.237005403041776,769.3214912120629,781.7940746629371,769.3214912120629,781.7940746629371,775.3943640326808
Case 1,random,250,tile_Mbps,3,57.214307278961186,0.39282334931452473,56.81380666392777,57.59897457806238,56.81380666392777,57.59897457806238,57.230140594893406
Case 1,random,300,viewport_mean_s,3,42.17604205676251,0.7044921891546752,41.3641609862219,42.62609710272169,41.3641609862219,42.62609710272169,42.537868081343944
Case 1,random,300,viewport_p50_s,3,7.140333333333333,0.05514828495368964,7.083,7.1930000000000005,7.083,7.1930000000000005,7.1450000000000005
Case 1,random,300,viewport_p95_s,3,244.36748333333335,3.5216411949307727,241.6749,248.35280000000003,243.07475,248.35280000000003,241.6749
Case 1,random,300,slide_open_p95_s,3,432.76731666666666,58.9968731710489,364.66095,468.15209999999996,465.48889999999994,364.66095,468.15209999999996
Case 1,random,300,response_mean_kB,3,9.233025490555821,0.006678643728753258,9.225715432932388,9.23880809432795,9.23880809432795,9.234552944407127,9.225715432932388
Case 1,random,300,ttfb_p95_ms,3,2067.344588333332,154.72219804680617,1919.7207050000002,2228.3021,2228.3021,2054.0109599999964,1919.7207050000002
Case 1,random,300,tiles_per_s,3,767.4882401339696,14.519570039059804,750.944970187033,778.1174328938456,750.944970187033,773.4023173210303,778.1174328938456
Case 1,random,300,tile_Mbps,3,56.68946966631872,1.038191189097437,55.502691751670575,57.429520074259855,55.502691751670575,57.13619717302573,57.429520074259855
Case 2,coherent,50,viewport_mean_s,3,6.158801773227194,0.18495757670204294,5.958232909860859,6.322634638922889,5.958232909860859,6.322634638922889,6.195537770897833
Case 2,coherent,50,viewport_p50_s,3,2.6445,0.08656933637264412,2.56,2.733,2.56,2.6405,2.733
Case 2,coherent,50,viewport_p95_s,3,22.443366666666662,1.3808012441453448,21.3135,23.982549999999996,21.3135,23.982549999999996,22.034049999999986
Case 2,coherent,50,slide_open_p95_s,3,27.940816666666674,8.735827977406224,20.364,37.49625,25.962200000000017,37.49625,20.364
Case 2,coherent,50,response_mean_kB,3,8.988617104546426,0.15340658795813503,8.881876030028746,9.16441451176062,8.881876030028746,9.16441451176062,8.91956077184991
Case 2,coherent,50,ttfb_p95_ms,3,1291.26517,28.26891141139731,1269.9065049999997,1323.321755,1280.56725,1323.321755,1269.9065049999997
Case 2,coherent,50,tiles_per_s,3,887.7263532385485,27.942027968056973,855.4617234107337,903.9052892125028,903.8120470924091,855.4617234107337,903.9052892125028
Case 2,coherent,50,tile_Mbps,3,63.81277479501293,0.9579375427871465,62.71844665824863,64.4995052730199,64.22037245377024,62.71844665824863,64.4995052730199
Case 2,coherent,100,viewport_mean_s,3,12.328785594927915,0.24184295707095999,12.075707894736842,12.557558363731111,12.075707894736842,12.557558363731111,12.353090526315789
Case 2,coherent,100,viewport_p50_s,3,5.671,0.4135253922070567,5.3355,6.133,5.3355,5.5445,6.133
Case 2,coherent,100,viewport_p95_s,3,41.50203333333325,2.907374913187718,39.7174499999999,44.85689999999991,39.7174499999999,44.85689999999991,39.93174999999995
Case 2,coherent,100,slide_open_p95_s,3,67.82476666666666,4.931551054266117,64.26455,73.45374999999999,64.26455,65.756,73.45374999999999
Case 2,coherent,100,response_mean_kB,3,9.033224825318667,0.0018953401129909128,9.03207549689456,9.035412436297998,9.03207549689456,9.035412436297998,9.032186542763446
Case 2,coherent,100,ttfb_p95_ms,3,1919.958434999999,70.80154009278498,1851.9021449999984,1993.2181250000003,1851.9021449999984,1993.2181250000003,1914.7550349999988
Case 2,coherent,100,tiles_per_s,3,926.3759912011398,1.9739307246106,925.0564066891856,928.645263199897,928.645263199897,925.0564066891856,925.4263037143368
Case 2,coherent,100,tile_Mbps,3,66.94528878682546,0.13464353841173718,66.86612929021285,67.10075301643992,67.10075301643992,66.86612929021285,66.8689840538236
Case 2,coherent,150,viewport_mean_s,3,19.29827433372623,0.18963038750630803,19.079583509513743,19.417129026548672,19.417129026548672,19.079583509513743,19.39811046511628
Case 2,coherent,150,viewport_p50_s,3,9.968,0.10700584096207137,9.8675,10.0805,9.956,9.8675,10.0805
Case 2,coherent,150,viewport_p95_s,3,68.03035000000001,3.1940882529291557,64.43425,70.53780000000002,70.53780000000002,64.43425,69.119
Case 2,coherent,150,slide_open_p95_s,3,119.35199999999985,18.62583011431985,107.40884999999969,140.81364999999997,109.83349999999987,140.81364999999997,107.40884999999969
Case 2,coherent,150,response_mean_kB,3,9.029996601035117,0.006465741824868479,9.025490760133122,9.037404990976887,9.025490760133122,9.027094051995341,9.037404990976887
Case 2,coherent,150,ttfb_p95_ms,3,2602.6703266666655,18.988173365337836,2584.0721999999987,2622.0258799999983,2601.9129,2622.0258799999983,2584.0721999999987
Case 2,coherent,150,tiles_per_s,3,956.5116251680747,3.5355438217374076,952.4498289797647,958.8980916929123,952.4498289797647,958.8980916929123,958.1869548315472
Case 2,coherent,150,tile_Mbps,3,69.09843722352421,0.2842378062635395,68.7706170475779,69.27618854306856,68.7706170475779,69.24850607992617,69.27618854306856
Case 2,coherent,200,viewport_mean_s,3,25.75156307053728,0.07553938523762517,25.691022538738455,25.83621469104666,25.72745198182673,25.83621469104666,25.691022538738455
Case 2,coherent,200,viewport_p50_s,3,13.192666666666668,0.1886964051945176,12.975,13.31,13.31,13.293000000000001,12.975
Case 2,coherent,200,viewport_p95_s,3,92.08746666666661,0.8587252024560939,91.10979999999999,92.71959999999991,92.43299999999992,91.10979999999999,92.71959999999991
Case 2,coherent,200,slide_open_p95_s,3,157.09299999999996,15.679256074428368,139.32885,169.0024999999999,162.94764999999995,169.0024999999999,139.32885
Case 2,coherent,200,response_mean_kB,3,8.812566938729445,0.015642712139368405,8.79755613385358,8.828772987454245,8.828772987454245,8.79755613385358,8.81137169488051
Case 2,coherent,200,ttfb_p95_ms,3,3373.221154999997,36.08508662657306,3335.060725,3406.791699999991,3406.791699999991,3335.060725,3377.8110399999996
Case 2,coherent,200,tiles_per_s,3,947.6880877049559,2.6056369069328613,945.0018618883403,950.2048644652168,947.8575367613108,945.0018618883403,950.2048644652168
Case 2,coherent,200,tile_Mbps,3,66.81262450708957,0.2629134813307154,66.5096554124706,66.98086597669267,66.94735213210545,66.5096554124706,66.98086597669267
Case 2,coherent,250,viewport_mean_s,3,30.149557837869384,0.4231666209270263,29.69683926739927,30.53514780805687,30.53514780805687,30.216686438152013,29.69683926739927
Case 2,coherent,250,viewport_p50_s,3,14.211500000000001,0.34874740142401045,13.979000000000001,14.6125,14.6125,14.043000000000001,13.979000000000001
Case 2,coherent,250,viewport_p95_s,3,114.66936666666649,1.7547907121172932,113.2185999999998,116.61979999999973,114.16969999999996,116.61979999999973,113.2185999999998
Case 2,coherent,250,slide_open_p95_s,3,182.83726666666658,21.682284602085517,161.21344999999985,204.57754999999992,182.72079999999997,161.21344999999985,204.57754999999992
Case 2,coherent,250,response_mean_kB,3,8.63735017261055,0.007341188877582145,8.63304090731117,8.645826650605628,8.63304090731117,8.645826650605628,8.633182959914851
Case 2,coherent,250,ttfb_p95_ms,3,3919.9620466666606,121.81414671097755,3781.3943799999997,4010.172839999987,4010.172839999987,3968.318919999995,3781.3943799999997
Case 2,coherent,250,tiles_per_s,3,928.2890802364016,8.159330565924295,919.9862051552633,936.296859868161,936.296859868161,919.9862051552633,928.5841756857802
Case 2,coherent,250,tile_Mbps,3,64.14337980193812,0.5162681815575189,63.6323300057673,64.66471274103063,64.66471274103063,63.6323300057673,64.13309665901646
Case 2,coherent,300,viewport_mean_s,3,35.2700030664845,0.2724218103082072,35.04830738692755,35.57411733371725,35.04830738692755,35.57411733371725,35.18758447880871
Case 2,coherent,300,viewport_p50_s,3,15.990333333333334,0.9241288239922686,15.024000000000001,16.8655,15.024000000000001,16.081500000000002,16.8655
Case 2,coherent,300,viewport_p95_s,3,139.1782166666666,4.288658935592063,135.7525,143.988,143.988,135.7525,137.79414999999977
Case 2,coherent,300,slide_open_p95_s,3,240.70820000000006,41.83800874524862,196.56065000000007,279.7721000000001,245.79185000000004,196.56065000000007,279.7721000000001
Case 2,coherent,300,response_mean_kB,3,8.542905620303092,0.045098833998674676,8.502763305565493,8.591705696093417,8.502763305565493,8.534247859250366,8.591705696093417
Case 2,coherent,300,ttfb_p95_ms,3,4759.828003333332,119.61874011974784,4627.181325,4859.502309999995,4792.800375000001,4859.502309999995,4627.181325
Case 2,coherent,300,tiles_per_s,3,906.0972256624316,10.923994765072631,895.144295262987,916.992053010998,916.992053010998,895.144295262987,906.1553287133096
Case 2,coherent,300,tile_Mbps,3,61.9247188390852,0.7026991416856556,61.1150662845466,62.37573103869665,62.37573103869665,61.1150662845466,62.283359194012355
Case 2,random,50,viewport_mean_s,3,6.335348466799529,0.072641248586506,6.270592580849715,6.413897368421052,6.32155545112782,6.270592580849715,6.413897368421052
Case 2,random,50,viewport_p50_s,3,2.6325,0.172461589926569,2.5265,2.8315,2.8315,2.5395,2.5265
Case 2,random,50,viewport_p95_s,3,23.781849999999977,2.201788811966283,21.558099999999992,25.960999999999945,21.558099999999992,23.826449999999994,25.960999999999945
Case 2,random,50,slide_open_p95_s,3,32.069866666666655,7.508743955604926,23.906299999999973,38.681149999999995,33.62214999999999,23.906299999999973,38.681149999999995
Case 2,random,50,response_mean_kB,3,9.241309416611426,0.005167327100189133,9.235346026888859,9.244463612553703,9.235346026888859,9.244463612553703,9.244118610391713
Case 2,random,50,ttfb_p95_ms,3,1271.0509416666662,21.68270619448142,1257.1568049999998,1296.0355949999987,1296.0355949999987,1257.1568049999998,1259.960425
Case 2,random,50,tiles_per_s,3,861.4460313641009,17.107677793897498,842.30858328376,875.2563589016536,875.2563589016536,866.7731519068891,842.30858328376
Case 2,random,50,tile_Mbps,3,63.686796400691726,1.241029296651966,62.29120360340866,64.66636269353276,64.66636269353276,64.10282290513375,62.29120360340866
Case 2,random,100,viewport_mean_s,3,12.892690611429563,0.3028981441826301,12.56073605263158,13.154071842105262,12.56073605263158,13.154071842105262,12.96326393955185
Case 2,random,100,viewport_p50_s,3,5.8035000000000005,0.29823606421759263,5.535,6.1245,5.535,6.1245,5.751
Case 2,random,100,viewport_p95_s,3,45.90668333333332,0.45726864186528404,45.529849999999996,46.41539999999997,45.529849999999996,46.41539999999997,45.774799999999985
Case 2,random,100,slide_open_p95_s,3,64.57468333333333,5.9179765630520516,59.13124999999999,70.874,63.718799999999995,59.13124999999999,70.874
Case 2,random,100,response_mean_kB,3,9.25809205669636,0.0012642408510647393,9.257345523441394,9.259551749116946,9.257378897530735,9.257345523441394,9.259551749116946
Case 2,random,100,ttfb_p95_ms,3,2002.5891783333313,12.920966788909075,1989.8230950000013,2015.6596499999998,2015.6596499999998,2002.2847899999929,1989.8230950000013
Case 2,random,100,tiles_per_s,3,885.722997998813,39.84167488916898,846.6679579491882,926.3072733058594,926.3072733058594,846.6679579491882,884.1937627413912
Case 2,random,100,tile_Mbps,3,65.60083503264914,2.9504652084897813,62.70318264289748,68.60141923624718,68.60141923624718,62.70318264289748,65.49790321880276
Case 2,random,150,viewport_mean_s,3,20.87700845138941,2.163525734513463,19.34910583229924,23.35267784339874,23.35267784339874,19.929241678470255,19.34910583229924
Case 2,random,150,viewport_p50_s,3,10.601,1.0262694577936151,9.764,11.746,11.746,10.293000000000001,9.764
Case 2,random,150,viewport_p95_s,3,76.42958333333331,11.516030289593445,68.74814999999994,89.6706,89.6706,68.74814999999994,70.87
Case 2,random,150,slide_open_p95_s,3,123.31139999999971,18.16860006054432,103.24499999999934,138.6457999999999,128.04339999999988,103.24499999999934,138.6457999999999
Case 2,random,150,response_mean_kB,3,9.228073644040249,0.03146509286146708,9.19174594267391,9.24676252220775,9.19174594267391,9.245712467239088,9.24676252220775
Case 2,random,150,ttfb_p95_ms,3,2710.4520816666623,262.99658024450804,2489.9330799999993,3001.5311849999985,3001.5311849999985,2639.8919799999894,2489.9330799999993
Case 2,random,150,tiles_per_s,3,908.0158283449314,69.57512218818847,827.6867384162742,949.2413214355352,827.6867384162742,947.1194251829846,949.2413214355352
Case 2,random,150,tile_Mbps,3,67.04557112693999,5.354820883864578,60.86308975714232,70.21927260464852,60.86308975714232,70.05435101902911,70.21927260464852
Case 2,random,200,viewport_mean_s,3,26.581904947185574,0.2955313685644285,26.2556911788164,26.831771400296883,26.65825226244344,26.831771400296883,26.2556911788164
Case 2,random,200,viewport_p50_s,3,13.142333333333333,0.4809826746706507,12.598,13.51,13.51,12.598,13.319
Case 2,random,200,viewport_p95_s,3,97.0354333333333,3.9378837620393967,94.62979999999993,101.5799,94.62979999999993,101.5799,94.89659999999996
Case 2,random,200,slide_open_p95_s,3,159.8702333333332,40.48215294871719,131.24919999999986,206.18749999999986,142.17399999999992,131.24919999999986,206.18749999999986
Case 2,random,200,response_mean_kB,3,9.212619754910577,0.0058029599065537564,9.206709016125874,9.218308568822454,9.206709016125874,9.218308568822454,9.212841679783402
Case 2,random,200,ttfb_p95_ms,3,3430.5007916666646,114.3404560835949,3340.0459199999996,3559.0179449999973,3559.0179449999973,3340.0459199999996,3392.4385099999963
Case 2,random,200,tiles_per_s,3,905.888830110577,20.56866749457639,883.7853395021008,924.4669862256329,909.4141646039975,883.7853395021008,924.4669862256329
Case 2,random,200,tile_Mbps,3,66.76449477084624,1.4917544968806826,65.17604774505502,68.13574385826607,66.98169270921763,65.17604774505502,68.13574385826607
Case 2,random,250,viewport_mean_s,3,31.228810487553016,0.1509238995652911,31.055994855500078,31.334688574471322,31.29574803268765,31.334688574471322,31.055994855500078
Case 2,random,250,viewport_p50_s,3,15.016,0.25237472139657696,14.797,15.292,15.292,14.797,14.959
Case 2,random,250,viewport_p95_s,3,118.0051833333333,1.9418095686326455,115.84819999999998,119.61394999999996,119.61394999999996,118.55339999999997,115.84819999999998
Case 2,random,250,slide_open_p95_s,3,181.97899999999998,25.659613708510893,161.19369999999998,210.6581,174.08520000000001,161.19369999999998,210.6581
Case 2,random,250,response_mean_kB,3,9.225871167050391,0.012213663987149697,9.212399147479864,9.236219946480887,9.212399147479864,9.236219946480887,9.22899440719042
Case 2,random,250,ttfb_p95_ms,3,4112.923139999997,74.16400748437661,4034.3517899999965,4181.708089999999,4034.3517899999965,4181.708089999999,4122.709539999995
Case 2,random,250,tiles_per_s,3,882.9116781077623,3.880966582306475,878.4329127940194,885.2829605799864,885.0191609492811,878.4329127940194,885.2829605799864
Case 2,random,250,tile_Mbps,3,65.16485559093226,0.2334127782856027,64.90719672634742,65.36217193578936,65.22519811066,64.90719672634742,65.36217193578936
Case 2,random,300,viewport_mean_s,3,37.067905223877844,0.3433187648758928,36.76166089034957,37.43903789601334,37.43903789601334,37.00301688527062,36.76166089034957
Case 2,random,300,viewport_p50_s,3,16.925666666666668,0.41281028733951436,16.449,17.166,17.166,17.162,16.449
Case 2,random,300,viewport_p95_s,3,146.05611666666655,6.161479209640551,139.89879999999988,152.2217499999998,146.0478,139.89879999999988,152.2217499999998
Case 2,random,300,slide_open_p95_s,3,241.63793333333336,18.519121929868433,221.03280000000004,256.8932000000001,246.9878,221.03280000000004,256.8932000000001
Case 2,random,300,response_mean_kB,3,9.250979845004313,0.008532424836105926,9.241892746896767,9.258820477552884,9.258820477552884,9.252226310563286,9.241892746896767
Case 2,random,300,ttfb_p95_ms,3,4826.485494999994,300.41834520859226,4494.736919999986,5080.156959999999,5080.156959999999,4904.562604999998,4494.736919999986
Case 2,random,300,tiles_per_s,3,851.4108610203423,9.644079660145247,841.1918003068996,860.3526715198059,841.1918003068996,852.6881112343214,860.3526715198059
Case 2,random,300,tile_Mbps,3,63.0106516223732,0.6575059251001606,62.30755092984879,63.610296917537205,62.30755092984879,63.11410701973361,63.610296917537205
Case 3,coherent,50,viewport_mean_s,3,3.002646293071725,0.05091415386822181,2.9629427244582045,3.06004765851637,2.984948496240601,2.9629427244582045,3.06004765851637
Case 3,coherent,50,viewport_p50_s,3,0.9893333333333334,0.028023799409311566,0.9580000000000001,1.012,1.012,0.998,0.9580000000000001
Case 3,coherent,50,viewport_p95_s,3,11.408716666666667,0.754637254469547,10.9115,12.277050000000003,12.277050000000003,11.0376,10.9115
Case 3,coherent,50,slide_open_p95_s,3,10.095716666666666,3.463475705968403,7.068999999999999,13.872899999999998,13.872899999999998,9.34525,7.068999999999999
Case 3,coherent,50,response_mean_kB,3,3.3972386728000097,0.04058888678864812,3.371670665276585,3.4440398115704682,3.376005541552976,3.4440398115704682,3.371670665276585
Case 3,coherent,50,ttfb_p95_ms,3,925.052353333333,21.817039186806152,910.6762,950.1562849999991,910.6762,950.1562849999991,914.3245750000001
Case 3,coherent,50,tiles_per_s,3,1479.2743243948155,113.00624242295483,1397.9613165395835,1608.3138407835763,1431.5478158612868,1608.3138407835763,1397.9613165395835
Case 3,coherent,50,tile_Mbps,3,40.227934449792414,3.56969589399072,37.70772129734358,44.312775177267554,38.66330687476611,44.312775177267554,37.70772129734358
Case 3,coherent,100,viewport_mean_s,3,7.298923039505572,0.4160998188160548,7.0405542578356,7.778925386996905,7.778925386996905,7.0405542578356,7.077289473684211
Case 3,coherent,100,viewport_p50_s,3,2.4723333333333333,0.6645269620815496,1.9120000000000001,3.2065,3.2065,1.9120000000000001,2.2985
Case 3,coherent,100,viewport_p95_s,3,28.717216666666662,0.6308118466177749,28.048799999999996,29.302099999999985,29.302099999999985,28.048799999999996,28.80075
Case 3,coherent,100,slide_open_p95_s,3,23.89981666666666,8.195021895079549,14.4769,29.36284999999998,29.36284999999998,14.4769,27.859699999999997
Case 3,coherent,100,response_mean_kB,3,3.3709916413766257,0.011906780684438132,3.3600387229422273,3.383665086740426,3.383665086740426,3.3600387229422273,3.369271114447223
Case 3,coherent,100,ttfb_p95_ms,3,4495.558186666666,734.7978219498362,3668.7643599999988,5073.9909,5073.9909,3668.7643599999988,4743.9193
Case 3,coherent,100,tiles_per_s,3,1312.236517893001,148.99400287830903,1145.498457732576,1432.3210401278263,1145.498457732576,1358.8900558186008,1432.3210401278263
Case 3,coherent,100,tile_Mbps,3,35.380758008624085,3.927195867255443,31.00786510675777,38.607023256941496,31.00786510675777,36.52738566217298,38.607023256941496
Case 3,coherent,150,viewport_mean_s,3,11.636134355255143,0.855067575738087,10.676373563218391,12.316725925925926,11.915303576621112,10.676373563218391,12.316725925925926
Case 3,coherent,150,viewport_p50_s,3,3.5501666666666667,0.23822066101271186,3.2805,3.732,3.732,3.2805,3.638
Case 3,coherent,150,viewport_p95_s,3,46.25759999999997,2.1000199290721335,43.97654999999993,48.11064999999999,46.68559999999997,48.11064999999999,43.97654999999993
Case 3,coherent,150,slide_open_p95_s,3,18.50391666666666,7.370657091524021,13.834799999999992,27.000949999999996,14.676,13.834799999999992,27.000949999999996
Case 3,coherent,150,response_mean_kB,3,3.339820998529862,0.012108744487851302,3.3300141399629997,3.353355235241294,3.3360936203852916,3.353355235241294,3.3300141399629997
Case 3,coherent,150,ttfb_p95_ms,3,5318.375746666665,326.1743742238687,4951.68074,5576.159809999996,4951.68074,5576.159809999996,5427.286689999998
Case 3,coherent,150,tiles_per_s,3,1281.4630586184505,38.75139479819135,1252.2662529867323,1325.4269259203866,1252.2662529867323,1266.695996948233,1325.4269259203866
Case 3,coherent,150,tile_Mbps,3,34.23746537397589,0.9697373077779623,33.42141966090265,35.30952323842063,33.42141966090265,33.98145322260438,35.30952323842063
Case 3,coherent,200,viewport_mean_s,3,17.687583171242487,1.0344343756331476,16.59895755111802,18.65760148032723,17.806190482282208,18.65760148032723,16.59895755111802
Case 3,coherent,200,viewport_p50_s,3,6.432,0.7755004835588435,5.657,7.208,6.431,7.208,5.657
Case 3,coherent,200,viewport_p95_s,3,67.41829999999999,2.776487649891505,65.40649999999998,70.586,66.26239999999999,70.586,65.40649999999998
Case 3,coherent,200,slide_open_p95_s,3,33.70603333333333,22.058813591472525,15.095999999999998,58.072299999999984,15.095999999999998,27.9498,58.072299999999984
Case 3,coherent,200,response_mean_kB,3,3.3902554717587052,0.0034320211579547373,3.386642994737076,3.3934728362578,3.3934728362578,3.3906505842812398,3.386642994737076
Case 3,coherent,200,ttfb_p95_ms,3,8145.33959833333,748.829308122913,7291.824534999996,8692.0111,8692.0111,8452.183159999995,7291.824534999996
Case 3,coherent,200,tiles_per_s,3,1312.9045221886656,43.692809838185795,1273.6229564031516,1359.9639223630184,1305.126687799827,1273.6229564031516,1359.9639223630184
Case 3,coherent,200,tile_Mbps,3,35.608092466592126,1.159362173330048,34.54728337025877,36.845698326126985,35.43129570339062,34.54728337025877,36.845698326126985
Case 3,coherent,250,viewport_mean_s,3,25.931051924003473,0.6440841705911876,25.327511396011396,26.609184436517374,26.609184436517374,25.85645993948165,25.327511396011396
Case 3,coherent,250,viewport_p50_s,3,10.1355,0.4591636418533152,9.605500000000001,10.413,10.388,10.413,9.605500000000001
Case 3,coherent,250,viewport_p95_s,3,110.70443333333328,5.86817638311373,105.57799999999995,117.105,105.57799999999995,117.105,109.43029999999992
Case 3,coherent,250,slide_open_p95_s,3,24.424666666666667,5.718173515715779,17.82285,27.823150000000002,27.628,17.82285,27.823150000000002
Case 3,coherent,250,response_mean_kB,3,3.400047859157191,0.04468062231273978,3.368992387761777,3.4512550887212656,3.368992387761777,3.3798961009885304,3.4512550887212656
Case 3,coherent,250,ttfb_p95_ms,3,11566.70120833333,2956.8026960272437,9708.226555,14976.3087,10015.568369999994,9708.226555,14976.3087
Case 3,coherent,250,tiles_per_s,3,1131.757760485825,21.383413267574028,1107.6979000845342,1148.5931772460876,1107.6979000845342,1148.5931772460876,1138.982204126853
Case 3,coherent,250,tile_Mbps,3,30.786318727136923,0.8301550098681315,29.854606346596007,31.447345023646125,29.854606346596007,31.057004811168635,31.447345023646125
Case 3,coherent,300,viewport_mean_s,3,33.49188347932585,0.8631496378696546,32.53046788990826,34.20015960591133,32.53046788990826,34.20015960591133,33.74502294215795
Case 3,coherent,300,viewport_p50_s,3,17.888166666666667,1.4676360527505896,16.248,19.0775,18.339,16.248,19.0775
Case 3,coherent,300,viewport_p95_s,3,119.16606666666665,2.0991394012388414,117.74199999999996,121.57674999999999,118.17945,117.74199999999996,121.57674999999999
Case 3,coherent,300,slide_open_p95_s,3,28.319016666666688,4.594183954831733,23.075300000000016,31.63665000000001,31.63665000000001,23.075300000000016,30.245100000000033
Case 3,coherent,300,response_mean_kB,3,3.412565986274861,0.030903056854874964,3.384800061952842,3.4458600021909755,3.407037894680766,3.384800061952842,3.4458600021909755
Case 3,coherent,300,ttfb_p95_ms,3,14509.343629999998,196.70732758025034,14284.705654999998,14650.767734999996,14284.705654999998,14650.767734999996,14592.557499999997
Case 3,coherent,300,tiles_per_s,3,968.3097916812926,24.85585930588095,940.3196101620131,987.8027043480231,976.8070605338415,987.8027043480231,940.3196101620131
Case 3,coherent,300,tile_Mbps,3,26.431314826234647,0.4456897771937139,25.921677871464734,26.74811723899499,26.624149368244215,26.74811723899499,25.921677871464734
Case 3,random,50,viewport_mean_s,3,3.0525669149384047,0.05239369150321279,2.9980487938596494,3.1025400628436763,3.0571118881118884,2.9980487938596494,3.1025400628436763
Case 3,random,50,viewport_p50_s,3,1.3191666666666666,0.14875175068997792,1.17,1.4675,1.32,1.17,1.4675
Case 3,random,50,viewport_p95_s,3,11.603333333333316,0.348437341330296,11.22585,11.91264999999998,11.91264999999998,11.67149999999997,11.22585
Case 3,random,50,slide_open_p95_s,3,7.712933333333326,0.8046992611114518,7.0293,8.59974999999998,7.0293,7.509749999999998,8.59974999999998
Case 3,random,50,response_mean_kB,3,3.5037365166322356,0.003924976389423906,3.5005087901514336,3.508105697636776,3.502595062108497,3.5005087901514336,3.508105697636776
Case 3,random,50,ttfb_p95_ms,3,1066.3892733333319,95.84158340070759,963.9064249999986,1153.8046999999992,1153.8046999999992,1081.4566949999974,963.9064249999986
Case 3,random,50,tiles_per_s,3,1490.258057352441,77.89039456692329,1403.6006163502384,1554.4381448351894,1554.4381448351894,1512.7354108718953,1403.6006163502384
Case 3,random,50,tile_Mbps,3,41.77037411415466,2.1446145455826726,39.39183455539809,43.556538963622614,43.556538963622614,42.362748823443276,39.39183455539809
Case 3,random,100,viewport_mean_s,3,7.335015834832602,0.22186089859696972,7.120852978254018,7.563846848225214,7.320347678018575,7.120852978254018,7.563846848225214
Case 3,random,100,viewport_p50_s,3,2.6215,0.7481498847156229,1.856,3.351,2.6575,1.856,3.351
Case 3,random,100,viewport_p95_s,3,27.4277,2.321943363327365,24.75625,28.96075,28.5661,24.75625,28.96075
Case 3,random,100,slide_open_p95_s,3,17.988683333333316,7.556779479767365,13.328749999999985,26.707599999999967,13.328749999999985,26.707599999999967,13.929699999999999
Case 3,random,100,response_mean_kB,3,3.5098239788556933,0.00034940545006300515,3.5095126339147913,3.510201872869575,3.510201872869575,3.509757429782714,3.5095126339147913
Case 3,random,100,ttfb_p95_ms,3,3869.170291666662,1733.6965023236985,1868.691325,4934.728149999985,4934.728149999985,1868.691325,4804.0914
Case 3,random,100,tiles_per_s,3,1338.9723347976117,45.869335637358105,1295.5455786225841,1386.9456364931377,1334.4257892771134,1295.5455786225841,1386.9456364931377
Case 3,random,100,tile_Mbps,3,37.596420956651734,1.2862709006469928,36.376405761542074,38.94002587060527,37.47283123780787,36.376405761542074,38.94002587060527
Case 3,random,150,viewport_mean_s,3,11.8452660874006,0.19812978869683007,11.61972932330827,11.991280359435173,11.61972932330827,11.991280359435173,11.924788579458355
Case 3,random,150,viewport_p50_s,3,4.177833333333333,0.3727674654973707,3.896,4.6005,4.037,4.6005,3.896
Case 3,random,150,viewport_p95_s,3,50.08696666666663,0.2054408998552669,49.87419999999994,50.28419999999998,50.102499999999985,49.87419999999994,50.28419999999998
Case 3,random,150,slide_open_p95_s,3,35.2855833333332,12.024090154179142,28.11625,49.1672999999996,49.1672999999996,28.573199999999996,28.11625
Case 3,random,150,response_mean_kB,3,3.5019062909984546,0.0030484479655429053,3.4987755136213514,3.5048651321475828,3.4987755136213514,3.5020782272264293,3.5048651321475828
Case 3,random,150,ttfb_p95_ms,3,6153.328001666664,192.89779124629567,5931.181999999993,6278.469525000001,6250.332479999998,6278.469525000001,5931.181999999993
Case 3,random,150,tiles_per_s,3,1399.7738016955884,57.7074943293917,1336.3178601353318,1449.1132037719728,1449.1132037719728,1413.8903411794604,1336.3178601353318
Case 3,random,150,tile_Mbps,3,39.214107324819985,1.5840497594373708,37.468910987635155,40.56097435058213,40.56097435058213,39.61243663624268,37.468910987635155
Case 3,random,200,viewport_mean_s,3,18.299435369562296,2.0564364519308094,16.71848061828282,20.624307556401195,20.624307556401195,16.71848061828282,17.55551793400287
Case 3,random,200,viewport_p50_s,3,7.009833333333334,1.1450720865226496,6.223,8.323500000000001,8.323500000000001,6.223,6.4830000000000005
Case 3,random,200,viewport_p95_s,3,76.43623333333322,11.595893768521412,66.036,88.93984999999998,88.93984999999998,66.036,74.33284999999968
Case 3,random,200,slide_open_p95_s,3,62.40026666666666,52.62608580163294,14.085049999999999,118.47549999999998,14.085049999999999,54.64025,118.47549999999998
Case 3,random,200,response_mean_kB,3,3.5010906177401058,0.006807595647295945,3.4947510591602535,3.508285425757451,3.508285425757451,3.5002353683026124,3.4947510591602535
Case 3,random,200,ttfb_p95_ms,3,9142.80351833333,3434.788143011191,6903.36456,13097.387094999991,13097.387094999991,6903.36456,7427.6589
Case 3,random,200,tiles_per_s,3,1296.7100238797527,71.5336031584545,1214.3357767261282,1343.180984626316,1214.3357767261282,1332.6133102868137,1343.180984626316
Case 3,random,200,tile_Mbps,3,36.316746445513566,1.939064434168102,34.081892059713034,37.55266534933384,34.081892059713034,37.31568192749383,37.55266534933384
Case 3,random,250,viewport_mean_s,3,26.99069551295908,0.7104920497918966,26.203354642715627,27.58403997831685,27.18469191784476,26.203354642715627,27.58403997831685
Case 3,random,250,viewport_p50_s,3,11.606333333333334,1.0969199302288812,10.693,12.823,12.823,10.693,11.303
Case 3,random,250,viewport_p95_s,3,105.83986666666665,6.2814786924205634,101.14979999999996,112.9765,101.14979999999996,112.9765,103.3933
Case 3,random,250,slide_open_p95_s,3,24.634716666666662,6.565081080293938,17.06749999999999,28.80975,28.026899999999998,28.80975,17.06749999999999
Case 3,random,250,response_mean_kB,3,3.4849760926145326,0.0029890137381648504,3.4818026358090477,3.4877380154925555,3.485387626541994,3.4818026358090477,3.4877380154925555
Case 3,random,250,ttfb_p95_ms,3,14225.054639999993,3317.92683258329,10813.450234999984,17440.610134999995,14421.10355,17440.610134999995,10813.450234999984
Case 3,random,250,tiles_per_s,3,1055.4296771880283,11.180883749963407,1048.9448452011152,1068.3402045278817,1048.9448452011152,1068.3402045278817,1049.003981835088
Case 3,random,250,tile_Mbps,3,29.42501384081128,0.28857062240918746,29.247835075111794,29.75799792052765,29.247835075111794,29.75799792052765,29.269208526794394
Case 3,random,300,viewport_mean_s,3,33.63506561776212,1.328960259606182,32.56369006244909,35.122200286327846,32.56369006244909,35.122200286327846,33.219306504509426
Case 3,random,300,viewport_p50_s,3,18.963833333333334,1.7224027064926872,17.063,20.421,20.421,17.063,19.4075
Case 3,random,300,viewport_p95_s,3,118.20828333333323,10.237628740867388,109.47175,129.4732,109.47175,129.4732,115.6798999999997
Case 3,random,300,slide_open_p95_s,3,25.832733333333337,3.7524389243308574,21.510300000000004,28.25515,27.732750000000003,21.510300000000004,28.25515
Case 3,random,300,response_mean_kB,3,3.4688499836278597,0.007634930930393387,3.462017928632257,3.4770914063130705,3.462017928632257,3.4770914063130705,3.4674406159382514
Case 3,random,300,ttfb_p95_ms,3,15739.809726666666,1719.56242946925,14031.364985,17470.278280000002,15717.785914999997,14031.364985,17470.278280000002
Case 3,random,300,tiles_per_s,3,938.0341757520471,10.139142609273005,927.9229317418267,948.2009885455658,948.2009885455658,927.9229317418267,937.9786069687489
Case 3,random,300,tile_Mbps,3,26.03079144708409,0.22509246420944773,25.81178281344268,26.261510578332626,26.261510578332626,25.81178281344268,26.01908094947697
Case 4,coherent,50,viewport_mean_s,3,2.881362843570333,0.11805551222382371,2.7609389697648377,2.996898120300752,2.996898120300752,2.886251440645409,2.7609389697648377
Case 4,coherent,50,viewport_p50_s,3,0.994,0.05672521485195095,0.9285,1.027,0.9285,1.0265,1.027
Case 4,coherent,50,viewport_p95_s,3,10.935016666666666,0.2154012089876296,10.719200000000004,11.15,10.719200000000004,11.15,10.935849999999993
Case 4,coherent,50,slide_open_p95_s,3,7.833466666666651,1.4921270231898038,6.6850000000000005,9.519999999999959,7.295399999999995,9.519999999999959,6.6850000000000005
Case 4,coherent,50,response_mean_kB,3,3.3920860590191153,0.039903607860529544,3.368943665183498,3.4381626196642463,3.4381626196642463,3.368943665183498,3.369151892209602
Case 4,coherent,50,ttfb_p95_ms,3,968.0338316666658,66.65326002807097,904.2372,1037.2168549999976,962.6474399999997,904.2372,1037.2168549999976
Case 4,coherent,50,tiles_per_s,3,1490.4105937964646,184.6404354001327,1311.2065407992807,1680.0452196154154,1479.9800209746975,1311.2065407992807,1680.0452196154154
Case 4,coherent,50,tile_Mbps,3,40.44298796267464,4.97705258934202,35.33904775498324,45.282620245319784,40.707295887720896,35.33904775498324,45.282620245319784
Case 4,coherent,100,viewport_mean_s,3,7.968802059793448,0.6056797723744879,7.282766874814154,8.429568454363759,8.429568454363759,8.19407085020243,7.282766874814154
Case 4,coherent,100,viewport_p50_s,3,2.9745,0.7945042479433324,2.0955,3.6415,3.6415,3.1865,2.0955
Case 4,coherent,100,viewport_p95_s,3,30.19983333333333,1.2921477879226235,28.72475,31.131649999999997,30.7431,31.131649999999997,28.72475
Case 4,coherent,100,slide_open_p95_s,3,13.92999999999999,4.301976992035161,9.205,17.620199999999972,9.205,17.620199999999972,14.9648
Case 4,coherent,100,response_mean_kB,3,3.3736882864122366,0.036265700304766,3.3318431458080706,3.3960033991583036,3.3960033991583036,3.393218314270335,3.3318431458080706
Case 4,coherent,100,ttfb_p95_ms,3,4988.870539999997,249.0637062064076,4829.826575,5275.9051549999995,5275.9051549999995,4860.879889999993,4829.826575
Case 4,coherent,100,tiles_per_s,3,1306.6887480733749,90.08219466543011,1248.5443341159382,1410.4551458563326,1248.5443341159382,1261.0667642478536,1410.4551458563326
Case 4,coherent,100,tile_Mbps,3,35.24946920749909,2.0375534862105193,33.920486421260534,37.59532248152915,33.920486421260534,34.23259871970759,37.59532248152915
Case 4,coherent,150,viewport_mean_s,3,12.92459058887434,0.8923827304628098,12.316159860859045,13.94901840385277,13.94901840385277,12.508593501911202,12.316159860859045
Case 4,coherent,150,viewport_p50_s,3,4.421666666666667,0.44467694265987484,4.039,4.9095,4.9095,4.3165000000000004,4.039
Case 4,coherent,150,viewport_p95_s,3,55.10384999999997,2.4494568724514907,52.65775,57.556649999999934,57.556649999999934,52.65775,55.09714999999999
Case 4,coherent,150,slide_open_p95_s,3,11.886299999999999,4.23578843074108,7.000200000000001,14.520199999999997,7.000200000000001,14.520199999999997,14.138499999999997
Case 4,coherent,150,response_mean_kB,3,3.377073066564125,0.01275974696670195,3.3630069704141135,3.3879034619998856,3.3879034619998856,3.3803087672783763,3.3630069704141135
Case 4,coherent,150,ttfb_p95_ms,3,7410.9671949999965,2241.706649368449,5724.500909999999,9954.824429999995,9954.824429999995,5724.500909999999,6553.576244999997
Case 4,coherent,150,tiles_per_s,3,1219.4870218083186,33.74586716911252,1186.1526599392146,1253.629865536599,1186.1526599392146,1218.6785399491419,1253.629865536599
Case 4,coherent,150,tile_Mbps,3,32.94412381939046,0.7896489589878196,32.1485656245475,33.727727808951116,32.1485656245475,32.95607802467276,33.727727808951116
Case 4,coherent,200,viewport_mean_s,3,18.309952293620142,2.5788676004392213,16.725202063628547,21.28566960167715,21.28566960167715,16.918985215554727,16.725202063628547
Case 4,coherent,200,viewport_p50_s,3,6.631666666666667,1.5811294486326333,5.686,8.457,8.457,5.686,5.752
Case 4,coherent,200,viewport_p95_s,3,71.32813333333328,12.032533875012836,63.885,85.20999999999985,85.20999999999985,64.88939999999998,63.885
Case 4,coherent,200,slide_open_p95_s,3,13.768866666666662,0.14942408050021394,13.613049999999992,13.91095,13.613049999999992,13.782599999999995,13.91095
Case 4,coherent,200,response_mean_kB,3,3.3802924749106857,0.027311745193530707,3.3580297675148034,3.410768345146146,3.410768345146146,3.3720793120711083,3.3580297675148034
Case 4,coherent,200,ttfb_p95_ms,3,7912.2946583333305,1652.8535118541631,6929.043775,9820.549199999996,9820.549199999996,6987.2909999999965,6929.043775
Case 4,coherent,200,tiles_per_s,3,1294.293807269671,119.91292021771305,1155.9389273372499,1368.220334969711,1155.9389273372499,1358.7221595020521,1368.220334969711
Case 4,coherent,200,tile_Mbps,3,34.98368906810906,2.981792944713832,31.54111921827266,36.756196906778925,31.54111921827266,36.6537510792756,36.756196906778925
Case 4,coherent,250,viewport_mean_s,3,24.272576705428808,0.7772873991632253,23.54781713303878,25.093452263217955,25.093452263217955,24.17646072002969,23.54781713303878
Case 4,coherent,250,viewport_p50_s,3,8.447666666666667,0.4493154051814087,7.932,8.755,8.755,7.932,8.656
Case 4,coherent,250,viewport_p95_s,3,108.69144999999989,4.671912966601489,103.30514999999998,111.64459999999968,111.12459999999999,111.64459999999968,103.30514999999998
Case 4,coherent,250,slide_open_p95_s,3,15.136183333333257,6.718385238718574,9.3484,22.50364999999977,22.50364999999977,9.3484,13.5565
Case 4,coherent,250,response_mean_kB,3,3.406799233143435,0.011897699099296815,3.3963783570208075,3.419762686713894,3.404256655695604,3.419762686713894,3.3963783570208075
Case 4,coherent,250,ttfb_p95_ms,3,8758.686956666665,406.0875747267926,8333.61836,9142.669889999996,8333.61836,9142.669889999996,8799.77262
Case 4,coherent,250,tiles_per_s,3,1227.6363447561841,30.06680990032673,1193.5271904772333,1250.2978152746557,1193.5271904772333,1239.0840285166635,1250.2978152746557
Case 4,coherent,250,tile_Mbps,3,33.458481727971886,0.8269039884826558,32.504583055486364,33.97187551703392,32.504583055486364,33.898986611395365,33.97187551703392
Case 4,coherent,300,viewport_mean_s,3,29.736946583858867,0.7161489399993007,28.938535449349388,30.322630164510862,28.938535449349388,30.322630164510862,29.94967413771635
Case 4,coherent,300,viewport_p50_s,3,13.239,0.7158386689750705,12.674,14.044,12.674,12.999,14.044
Case 4,coherent,300,viewport_p95_s,3,113.80723333333331,5.967708904037948,107.00219999999993,118.149,118.149,107.00219999999993,116.2705
Case 4,coherent,300,slide_open_p95_s,3,17.809433333333335,10.12651880982963,11.239450000000001,29.47135,29.47135,12.717500000000005,11.239450000000001
Case 4,coherent,300,response_mean_kB,3,3.419394167222363,0.029687856690592724,3.3906684007600147,3.4499586426822084,3.4499586426822084,3.3906684007600147,3.4175554582248657
Case 4,coherent,300,ttfb_p95_ms,3,10717.287418333332,1045.2771102410738,10066.74591,11923.013194999998,10162.103149999999,10066.74591,11923.013194999998
Case 4,coherent,300,tiles_per_s,3,1120.7193986940354,35.09845414914608,1095.4144427479387,1160.788037723736,1160.788037723736,1105.9557156104318,1095.4144427479387
Case 4,coherent,300,tile_Mbps,3,30.661971809223765,1.1913917757785195,29.94911686265254,32.037365784536995,32.037365784536995,29.99943278048176,29.94911686265254
Case 4,random,50,viewport_mean_s,3,3.1486893379868923,0.037178107935532625,3.1217724780701754,3.191110221205187,3.1217724780701754,3.191110221205187,3.133185314685315
Case 4,random,50,viewport_p50_s,3,1.4885,0.18786231660447497,1.272,1.6085,1.6085,1.272,1.585
Case 4,random,50,viewport_p95_s,3,13.023749999999984,0.3370064094346121,12.68554999999997,13.359549999999999,13.026149999999983,13.359549999999999,12.68554999999997
Case 4,random,50,slide_open_p95_s,3,7.175116666666667,0.32442936185452476,6.800749999999999,7.374200000000001,6.800749999999999,7.350400000000001,7.374200000000001
Case 4,random,50,response_mean_kB,3,3.501351028653872,0.001842348360746203,3.499296140817581,3.502855258129204,3.502855258129204,3.499296140817581,3.5019016870148305
Case 4,random,50,ttfb_p95_ms,3,1817.9998449999998,12.978764471046604,1805.1817949999997,1831.1335649999999,1831.1335649999999,1805.1817949999997,1817.6841749999996
Case 4,random,50,tiles_per_s,3,1529.6732035532723,19.499799213393676,1508.4593532596466,1546.816303892994,1533.743953507176,1546.816303892994,1508.4593532596466
Case 4,random,50,tile_Mbps,3,42.84727399708322,0.5336676405687217,42.25981083178605,43.30214658213174,42.97986457733188,43.30214658213174,42.25981083178605
Case 4,random,100,viewport_mean_s,3,7.815856004405933,0.17925820052283437,7.611130952380952,7.944661719706242,7.611130952380952,7.944661719706242,7.891775341130604
Case 4,random,100,viewport_p50_s,3,3.1338333333333335,0.38805326094923265,2.8065,3.5625,3.0325,3.5625,2.8065
Case 4,random,100,viewport_p95_s,3,30.874999999999993,1.2872144343504055,29.40399999999998,31.795,29.40399999999998,31.426000000000002,31.795
Case 4,random,100,slide_open_p95_s,3,12.307616666666663,4.6229137511783005,7.526099999999998,16.75365000000002,16.75365000000002,12.643099999999967,7.526099999999998
Case 4,random,100,response_mean_kB,3,3.5075838252180755,0.004907267855244153,3.502692299946547,3.5125066855894187,3.5125066855894187,3.502692299946547,3.507552490118261
Case 4,random,100,ttfb_p95_ms,3,4752.017664999999,1048.9943276005204,3540.776025,5365.343449999999,5349.93352,5365.343449999999,3540.776025
Case 4,random,100,tiles_per_s,3,1394.015512819082,145.50775942475508,1229.2106021392055,1504.737821877937,1504.737821877937,1448.0981144401037,1229.2106021392055
Case 4,random,100,tile_Mbps,3,39.117771954226974,4.095627791076077,34.4921656673051,42.2832132752441,42.2832132752441,40.57793692013172,34.4921656673051
Case 4,random,150,viewport_mean_s,3,13.681354174401239,0.8548800723437786,12.823254335260115,14.532977682403434,12.823254335260115,13.687830505540168,14.532977682403434
Case 4,random,150,viewport_p50_s,3,5.429,0.803385959548709,4.849,6.346,4.849,5.0920000000000005,6.346
Case 4,random,150,viewport_p95_s,3,53.24119999999998,2.5557846877231167,51.1495,56.089999999999975,52.48409999999996,51.1495,56.089999999999975
Case 4,random,150,slide_open_p95_s,3,44.79293333333332,59.25070521135872,6.857499999999999,113.06909999999998,14.452200000000001,6.857499999999999,113.06909999999998
Case 4,random,150,response_mean_kB,3,3.5068570517390225,0.002566564628975763,3.503912414366099,3.5086193480990993,3.503912414366099,3.50803939275187,3.5086193480990993
Case 4,random,150,ttfb_p95_ms,3,6999.884403333332,813.5479880137897,6502.051839999997,7938.71545,6502.051839999997,7938.71545,6558.885919999998
Case 4,random,150,tiles_per_s,3,1227.4185489541328,85.32278012337363,1172.9020137242962,1325.7467634374852,1325.7467634374852,1172.9020137242962,1183.606869700617
Case 4,random,150,tile_Mbps,3,34.43390126472453,2.3678984195329296,32.9166917438626,37.16240434171424,37.16240434171424,32.9166917438626,33.222607708596755
Case 4,random,200,viewport_mean_s,3,17.72462305166104,0.7185932721499867,16.907688960037948,18.258948383799666,18.00723181114551,16.907688960037948,18.258948383799666
Case 4,random,200,viewport_p50_s,3,6.886333333333334,0.21955485267543814,6.644,7.072,6.9430000000000005,6.644,7.072
Case 4,random,200,viewport_p95_s,3,66.11293333333333,1.2078306890178443,64.8154,67.20459999999999,66.3188,64.8154,67.20459999999999
Case 4,random,200,slide_open_p95_s,3,25.695099999999975,26.884119528636248,7.144999999999997,56.5265,7.144999999999997,56.5265,13.413799999999933
Case 4,random,200,response_mean_kB,3,3.506440311238564,0.005364057041182365,3.500321397651477,3.5103318018814074,3.5103318018814074,3.500321397651477,3.5086677341828074
Case 4,random,200,ttfb_p95_ms,3,7009.637683333332,294.8101239066446,6669.963049999998,7198.939499999998,7198.939499999998,6669.963049999998,7160.010499999999
Case 4,random,200,tiles_per_s,3,1321.1109080557942,41.54194922548326,1284.8358560647084,1366.429751122731,1312.0671169799434,1366.429751122731,1284.8358560647084
Case 4,random,200,tile_Mbps,3,37.0581235602011,1.114718732825243,36.064496895163096,38.263546369939824,36.84632741550039,38.263546369939824,36.064496895163096
Case 4,random,250,viewport_mean_s,3,22.952445047672537,1.2579462712867169,22.032789401238816,24.385979161528976,22.438566580249823,24.385979161528976,22.032789401238816
Case 4,random,250,viewport_p50_s,3,7.808000000000001,0.9839432148249211,7.2235000000000005,8.944,7.2565,8.944,7.2235000000000005
Case 4,random,250,viewport_p95_s,3,111.24151666666663,2.172561446963739,109.69500000000001,113.72539999999992,109.69500000000001,113.72539999999992,110.30414999999995
Case 4,random,250,slide_open_p95_s,3,115.30531666666546,87.4191046563365,29.09419999999999,203.8842999999964,112.93745,29.09419999999999,203.8842999999964
Case 4,random,250,response_mean_kB,3,3.4952177926273134,0.0018716316458463258,3.4938727324359182,3.497355285121462,3.4938727324359182,3.497355285121462,3.494425360324559
Case 4,random,250,ttfb_p95_ms,3,8872.3505,959.5681206681512,8229.72488,9975.357120000002,8229.72488,9975.357120000002,8411.9695
Case 4,random,250,tiles_per_s,3,1300.3049500851766,64.82303304669352,1227.9770927833372,1353.1582887606082,1319.7794687115847,1227.9770927833372,1353.1582887606082
Case 4,random,250,tile_Mbps,3,36.358198172780035,1.7952356562340441,34.35737740363114,37.82808512622762,36.88913198848135,34.35737740363114,37.82808512622762
Case 4,random,300,viewport_mean_s,3,29.530005450937306,1.1976211874536256,28.376946488294315,30.76769889084951,29.445370973668094,30.76769889084951,28.376946488294315
Case 4,random,300,viewport_p50_s,3,13.056333333333333,2.8787376284290542,9.959,15.65,15.65,9.959,13.56
Case 4,random,300,viewport_p95_s,3,111.89184999999996,10.719613826183256,100.3962,121.61429999999991,100.3962,121.61429999999991,113.66505
Case 4,random,300,slide_open_p95_s,3,44.931400000000004,18.410147360151687,23.673650000000002,55.681000000000004,23.673650000000002,55.681000000000004,55.439550000000004
Case 4,random,300,response_mean_kB,3,3.47777898830236,0.004066539623477062,3.4738981087984864,3.4820087129244297,3.4738981087984864,3.4820087129244297,3.4774301431841645
Case 4,random,300,ttfb_p95_ms,3,13566.197034999997,1996.8106008955167,11509.692059999996,15497.413,13691.486044999994,11509.692059999996,15497.413
Case 4,random,300,tiles_per_s,3,1133.1483192290095,30.268177991649686,1100.0470221396004,1159.414455264478,1100.0470221396004,1139.9834802829505,1159.414455264478
Case 4,random,300,tile_Mbps,3,31.527110549107885,0.8642550747459019,30.571610158401313,32.25426220144115,30.571610158401313,31.755459287481187,32.25426220144115
Case 5,coherent,50,viewport_mean_s,3,0.16733100391160127,0.004141233706388892,0.1634466220522626,0.17168845875833266,0.1634466220522626,0.17168845875833266,0.16685793092420853
Case 5,coherent,50,viewport_p50_s,3,0.012333333333333333,0.0005773502691896262,0.012,0.013000000000000001,0.012,0.012,0.013000000000000001
Case 5,coherent,50,viewport_p95_s,3,0.8498499999999992,0.027719713201980467,0.8278999999999979,0.881,0.8278999999999979,0.881,0.8406499999999997
Case 5,coherent,50,slide_open_p95_s,3,0.3756166666666666,0.0345438248220044,0.34175,0.41079999999999983,0.34175,0.41079999999999983,0.3743
Case 5,coherent,50,response_mean_kB,3,3.405825934048592,0.004299707356884707,3.4027199915390636,3.4107333537230633,3.4027199915390636,3.4107333537230633,3.4040244568836484
Case 5,coherent,50,ttfb_p95_ms,3,135.57759968333332,3.900971165255741,132.43799525,139.94467539999994,134.3501284,139.94467539999994,132.43799525
Case 5,coherent,50,tiles_per_s,3,5158.311377820189,18.513082803912322,5139.160656637131,5176.113016034744,5176.113016034744,5139.160656637131,5159.660460788692
Case 5,coherent,50,tile_Mbps,3,140.5460807936022,0.33975694329620965,140.22645329386864,140.9029059050158,140.9029059050158,140.22645329386864,140.50888318192207
Case 5,coherent,100,viewport_mean_s,3,0.4784983789326375,0.002082369036180049,0.476104225758377,0.47988854548966586,0.47950236554986964,0.47988854548966586,0.476104225758377
Case 5,coherent,100,viewport_p50_s,3,0.010666666666666666,0.0005773502691896253,0.01,0.011,0.01,0.011,0.011
Case 5,coherent,100,viewport_p95_s,3,2.5686833333333308,0.04392710818313794,2.542649999999998,2.6193999999999944,2.6193999999999944,2.542649999999998,2.544
Case 5,coherent,100,slide_open_p95_s,3,1.2508499999999996,0.06986384973646918,1.17275,1.3073999999999992,1.2723999999999993,1.3073999999999992,1.17275
Case 5,coherent,100,response_mean_kB,3,3.4398028298200356,0.004285269755525623,3.4350886769551314,3.443462253730068,3.443462253730068,3.4408575587749075,3.4350886769551314
Case 5,coherent,100,ttfb_p95_ms,3,352.2147119166666,2.2637137924806723,349.6410366,353.89720934999997,349.6410366,353.89720934999997,353.1058897999998
Case 5,coherent,100,tiles_per_s,3,8504.287801352793,18.785011851493213,8493.431955743381,8525.978861380656,8493.452586934345,8493.431955743381,8525.978861380656
Case 5,coherent,100,tile_Mbps,3,234.0241770093383,0.25479034336910455,233.79751635887962,234.29994757349994,233.97506709563532,233.79751635887962,234.29994757349994
Case 5,coherent,150,viewport_mean_s,3,0.7179126024053111,0.01331900494497837,0.7026211609057537,0.7269812621466026,0.7269812621466026,0.724135384163577,0.7026211609057537
Case 5,coherent,150,viewport_p50_s,3,0.013333333333333334,0.0011547005383792516,0.012,0.014,0.014,0.014,0.012
Case 5,coherent,150,viewport_p95_s,3,3.6911333333333327,0.08343652277829829,3.6253999999999977,3.785,3.785,3.6630000000000003,3.6253999999999977
Case 5,coherent,150,slide_open_p95_s,3,2.2319000000000004,0.15767460163260325,2.0715,2.3867000000000007,2.0715,2.2375000000000003,2.3867000000000007
Case 5,coherent,150,response_mean_kB,3,3.4775963787831703,0.0025684734216023584,3.4750875854209453,3.4802206377262346,3.4802206377262346,3.4774809132023314,3.4750875854209453
Case 5,coherent,150,ttfb_p95_ms,3,536.1826547666666,7.276128637094427,528.45310895,542.8992059,528.45310895,542.8992059,537.1956494499998
Case 5,coherent,150,tiles_per_s,3,11184.481470941813,64.38042305103848,11142.271258774072,11258.582448221432,11152.590705829934,11142.271258774072,11258.582448221432
Case 5,coherent,150,tile_Mbps,3,311.16019217574757,1.6123264894544866,309.97628505687806,312.99648076201964,310.50781070834506,309.97628505687806,312.99648076201964
Case 5,coherent,200,viewport_mean_s,3,0.8839880572381359,0.004440927317162835,0.8789283159508281,0.887239799764784,0.8857960559987957,0.8789283159508281,0.887239799764784
Case 5,coherent,200,viewport_p50_s,3,0.011666666666666667,0.0005773502691896262,0.011,0.012,0.011,0.012,0.012
Case 5,coherent,200,viewport_p95_s,3,4.928366666666666,0.1279554740264491,4.7915,5.045,4.948599999999999,4.7915,5.045
Case 5,coherent,200,slide_open_p95_s,3,2.948999999999999,0.1991323931458658,2.786399999999999,3.171099999999998,3.171099999999998,2.8895,2.786399999999999
Case 5,coherent,200,response_mean_kB,3,3.495795975444566,0.0010686538090158959,3.4951371677310408,3.4970289833412567,3.4951371677310408,3.4970289833412567,3.495221775261401
Case 5,coherent,200,ttfb_p95_ms,3,700.8006005166662,3.182029306413543,697.5569635999991,703.9172183499998,703.9172183499998,697.5569635999991,700.9276196
Case 5,coherent,200,tiles_per_s,3,13539.735450638078,13.68022294291729,13525.61356591674,13552.926464670909,13540.666321326586,13552.926464670909,13525.61356591674
Case 5,coherent,200,tile_Mbps,3,378.65728493579365,0.48143824894519116,378.20015247490556,379.1598132483754,378.61188908409997,379.1598132483754,378.20015247490556
Case 5,coherent,250,viewport_mean_s,3,0.94598569804973,0.008298168889479318,0.9401325106884104,0.955482280710844,0.955482280710844,0.9401325106884104,0.9423423027499357
Case 5,coherent,250,viewport_p50_s,3,0.014333333333333333,0.0005773502691896253,0.014,0.015,0.015,0.014,0.014
Case 5,coherent,250,viewport_p95_s,3,5.013866666666659,0.03780811200433793,4.973,5.047599999999977,5.047599999999977,5.021,4.973
Case 5,coherent,250,slide_open_p95_s,3,3.4582499999999996,0.13368562936980194,3.3595999999999995,3.6104,3.4047499999999995,3.3595999999999995,3.6104
Case 5,coherent,250,response_mean_kB,3,3.492261784677741,0.008906905102637648,3.486054351351965,3.502467176293549,3.486054351351965,3.502467176293549,3.4882638263877097
Case 5,coherent,250,ttfb_p95_ms,3,732.1938812833333,3.9040225891430334,729.7444823499998,736.696038,736.696038,730.1411235,729.7444823499998
Case 5,coherent,250,tiles_per_s,3,15787.741964362105,85.29733549440967,15690.045679115176,15847.416571281861,15690.045679115176,15847.416571281861,15825.763642689277
Case 5,coherent,250,tile_Mbps,3,441.0822592594948,3.2701084361948225,437.57081610072447,444.0404509597214,437.57081610072447,444.0404509597214,441.6355107180384
Case 5,coherent,300,viewport_mean_s,3,1.1070389698750496,0.004830301910147016,1.102968689799234,1.1123765986141467,1.102968689799234,1.1123765986141467,1.1057716212117679
Case 5,coherent,300,viewport_p50_s,3,0.019,0.0,0.019,0.019,0.019,0.019,0.019
Case 5,coherent,300,viewport_p95_s,3,6.1436166666666665,0.1162065008221742,6.07625,6.277800000000003,6.076799999999996,6.07625,6.277800000000003
Case 5,coherent,300,slide_open_p95_s,3,4.307766666666668,0.11767770958568746,4.173,4.390199999999997,4.360100000000005,4.390199999999997,4.173
Case 5,coherent,300,response_mean_kB,3,3.49553503078217,0.0024117342079367065,3.492759332201021,3.4971180336781087,3.492759332201021,3.496727726467381,3.4971180336781087
Case 5,coherent,300,ttfb_p95_ms,3,816.8402502999999,10.990205537843337,810.3281437999999,829.5291699999999,810.3281437999999,829.5291699999999,810.6634370999999
Case 5,coherent,300,tiles_per_s,3,17649.98324462168,45.76665024101967,17610.819924057825,17700.29375154798,17700.29375154798,17638.83605825923,17610.819924057825
Case 5,coherent,300,tile_Mbps,3,493.56850462727095,0.9510809205705436,492.69692755424285,494.58292946734895,494.58292946734895,493.4256568602211,492.69692755424285
Case 5,random,50,viewport_mean_s,3,0.19884166114556218,0.008502834578783125,0.18960776384957542,0.20634816882903595,0.18960776384957542,0.20056905075807516,0.20634816882903595
Case 5,random,50,viewport_p50_s,3,0.012333333333333333,0.0005773502691896262,0.012,0.013000000000000001,0.013000000000000001,0.012,0.012
Case 5,random,50,viewport_p95_s,3,1.0033499999999997,0.0360321731234744,0.9617999999999993,1.026,0.9617999999999993,1.02225,1.026
Case 5,random,50,slide_open_p95_s,3,0.42536666666666667,0.022229728593334934,0.4,0.44145,0.4,0.43465,0.44145
Case 5,random,50,response_mean_kB,3,3.507587986314654,0.0012753827420162662,3.506192408153006,3.5086930496699926,3.506192408153006,3.5086930496699926,3.507878501120963
Case 5,random,50,ttfb_p95_ms,3,162.2562266666666,4.439413854207524,157.23615479999992,165.6649027999999,157.23615479999992,165.6649027999999,163.8676224
Case 5,random,50,tiles_per_s,3,5027.625545769354,45.703511702787985,4996.765636005278,5080.130565843266,5080.130565843266,4996.765636005278,5005.980435459518
Case 5,random,50,tile_Mbps,3,141.07840860492766,1.2322763832050065,140.25693486305263,142.49532177908554,142.49532177908554,140.25693486305263,140.48296917264483
Case 5,random,100,viewport_mean_s,3,0.5172077703973877,0.004585065575979865,0.5119483139449271,0.5203632501852309,0.5193117470620052,0.5119483139449271,0.5203632501852309
Case 5,random,100,viewport_p50_s,3,0.010666666666666666,0.0005773502691896253,0.01,0.011,0.01,0.011,0.011
Case 5,random,100,viewport_p95_s,3,2.838600000000001,0.08032235056321574,2.747,2.8970000000000002,2.871800000000003,2.747,2.8970000000000002
Case 5,random,100,slide_open_p95_s,3,1.1034666666666666,0.09541752110243347,1.0311000000000001,1.2116,1.2116,1.0311000000000001,1.0676999999999996
Case 5,random,100,response_mean_kB,3,3.5143404038139683,0.0005239975270293017,3.5137831705406497,3.5148232059487974,3.5144148349524573,3.5148232059487974,3.5137831705406497
Case 5,random,100,ttfb_p95_ms,3,386.6961427499999,5.510300759430035,380.3829446499999,390.5390812,390.5390812,380.3829446499999,389.1664023999998
Case 5,random,100,tiles_per_s,3,8360.289056870683,24.189555351999562,8337.097117002057,8385.365940422958,8358.40411318703,8385.365940422958,8337.097117002057
Case 5,random,100,tile_Mbps,3,235.04727933484855,0.714523495011337,234.35801232707837,235.78463038217023,234.99919529529706,235.78463038217023,234.35801232707837
Case 5,random,150,viewport_mean_s,3,0.7455907684245813,0.0033618807082511945,0.7417481817846199,0.7479896995072066,0.7479896995072066,0.7470344239819173,0.7417481817846199
Case 5,random,150,viewport_p50_s,3,0.011,0.0,0.011,0.011,0.011,0.011,0.011
Case 5,random,150,viewport_p95_s,3,3.877666666666657,0.06553116307019319,3.802,3.916,3.916,3.914999999999971,3.802
Case 5,random,150,slide_open_p95_s,3,2.0213166666666664,0.12082808379401454,1.9204999999999999,2.15525,1.9204999999999999,2.15525,1.9881999999999989
Case 5,random,150,response_mean_kB,3,3.516940167581787,0.00031022129648599896,3.5167138444297974,3.517293788355877,3.5167138444297974,3.517293788355877,3.516812869959687
Case 5,random,150,ttfb_p95_ms,3,612.6001067499999,0.5057577916850364,612.2185469999997,613.1737704999999,612.2185469999997,613.1737704999999,612.40800275
Case 5,random,150,tiles_per_s,3,11148.01082623229,18.47789436779163,11133.758872554628,11168.887946388846,11133.758872554628,11141.385659753398,11168.887946388846
Case 5,random,150,tile_Mbps,3,313.65509177435126,0.5163064093490098,313.2339517412476,314.2311109839833,313.2339517412476,313.50021259782295,314.2311109839833
Case 5,random,200,viewport_mean_s,3,0.891345532096922,0.004310311889267897,0.8880329107094685,0.8962187812793836,0.8897849043019139,0.8962187812793836,0.8880329107094685
Case 5,random,200,viewport_p50_s,3,0.012,0.0,0.012,0.012,0.012,0.012,0.012
Case 5,random,200,viewport_p95_s,3,4.724383333333332,0.12616818471125288,4.644,4.869799999999996,4.659349999999999,4.869799999999996,4.644
Case 5,random,200,slide_open_p95_s,3,3.159633333333333,0.619720552614914,2.659699999999998,3.853,2.9661999999999997,3.853,2.659699999999998
Case 5,random,200,response_mean_kB,3,3.5159055923302858,0.0005995064410192045,3.515250178107319,3.5164262557064334,3.5160403431771052,3.515250178107319,3.5164262557064334
Case 5,random,200,ttfb_p95_ms,3,755.7481821499999,18.52846864670141,742.9986979999999,777.00217625,742.9986979999999,777.00217625,747.2436721999998
Case 5,random,200,tiles_per_s,3,13573.15823947433,117.02035160533033,13438.724709718492,13652.185264631977,13628.564744072519,13438.724709718492,13652.185264631977
Case 5,random,200,tile_Mbps,3,381.7759082705431,3.354646552737942,377.9238354349853,384.05522169856295,383.34866767808103,377.9238354349853,384.05522169856295
Case 5,random,250,viewport_mean_s,3,0.9687609261805767,0.001403143181918942,0.9671584616179357,0.9697692605697462,0.9693550563540482,0.9671584616179357,0.9697692605697462
Case 5,random,250,viewport_p50_s,3,0.014,0.0,0.014,0.014,0.014,0.014,0.014
Case 5,random,250,viewport_p95_s,3,5.131116666666666,0.0040762523637943564,5.127099999999999,5.13525,5.131,5.13525,5.127099999999999
Case 5,random,250,slide_open_p95_s,3,3.4002499999999993,0.01978187301546494,3.3775,3.4133999999999993,3.4133999999999993,3.3775,3.4098499999999987
Case 5,random,250,response_mean_kB,3,3.5152943166429798,0.0011000471301276724,3.5141075537467787,3.5162798703232085,3.5141075537467787,3.5162798703232085,3.5154955258589524
Case 5,random,250,ttfb_p95_ms,3,836.10942295,14.321940714968669,822.5820637000002,851.1117856999999,851.1117856999999,822.5820637000002,834.6344194499998
Case 5,random,250,tiles_per_s,3,15735.27945458226,14.119386755307595,15719.053551418814,15744.769770401872,15719.053551418814,15742.015041926094,15744.769770401872
Case 5,random,250,tile_Mbps,3,442.51318164418115,0.5245931076997664,441.90755858232785,442.826644881999,441.90755858232785,442.826644881999,442.8053414682165
Case 5,random,300,viewport_mean_s,3,1.113847312082399,0.0004625135657027104,1.1133483557775339,1.1142617167422084,1.1142617167422084,1.1133483557775339,1.113931863727455
Case 5,random,300,viewport_p50_s,3,0.018000000000000002,0.0,0.018000000000000002,0.018000000000000002,0.018000000000000002,0.018000000000000002,0.018000000000000002
Case 5,random,300,viewport_p95_s,3,6.173899999999994,0.027375901811627655,6.142699999999997,6.193899999999994,6.193899999999994,6.185099999999991,6.142699999999997
Case 5,random,300,slide_open_p95_s,3,4.44938333333333,0.11042151435899558,4.359799999999992,4.572749999999998,4.359799999999992,4.572749999999998,4.4155999999999995
Case 5,random,300,response_mean_kB,3,3.5179903681190448,0.0005331602928528741,3.5174087195464243,3.5184559024547264,3.5174087195464243,3.518106482355984,3.5184559024547264
Case 5,random,300,ttfb_p95_ms,3,945.292285166666,4.395254106447026,942.51263075,950.3595298999983,942.51263075,943.00469485,950.3595298999983
Case 5,random,300,tiles_per_s,3,17640.77510233834,30.427336341848182,17607.88848807032,17667.927085784097,17607.88848807032,17646.509733160605,17667.927085784097
Case 5,random,300,tile_Mbps,3,496.4807016614579,0.931527282798741,495.4731240059172,497.3105787129343,495.4731240059172,496.6584022655222,497.3105787129343
