pattern,users,case3_failures_by_repeat,case4_failures_by_repeat,case3_tile_duration_p95_s_min,case3_tile_duration_p95_s_max,case4_tile_duration_p95_s_min,case4_tile_duration_p95_s_max,case3_tile_duration_p99_s_min,case3_tile_duration_p99_s_max,case4_over_case3_tile_requests
coherent,50,0|0|0,0|0|0,1.05438295,1.1417885499999993,1.043136175,1.2108373399999988,2.4581774299999997,3.0360000809999987,1.0372208436724566
coherent,100,0|0|0,0|0|0,3.77569009,5.161275024999997,4.981571464999996,5.332003765,6.414058435999996,7.1899657700000095,0.950943396226415
coherent,150,0|0|0,0|0|0,5.042191609999996,5.701185574999999,5.8601875,10.078436609999997,7.389599923000016,9.055601262999998,0.8667468145113439
coherent,200,612|107|66,0|0|0,7.420582949999996,9.0762138,7.114954025,10.042488559999951,11.394815551999988,14.306095991999998,0.9854753937668755
coherent,250,2556|6644|5268,0|0|1,10.17405690499999,15.4944097,8.517071379999992,9.322745479999996,16.011247049000016,22.08491400399998,1.0798596123189976
coherent,300,11089|9771|12621,0|24|0,15.438345369999997,15.630478439999997,10.176421429999998,12.222454309999991,22.456530232000002,22.653857202999994,1.1435158831975396
random,50,0|0|0,0|0|0,1.109494899999998,1.3690644699999996,1.9346541749999995,1.9634998099999996,2.68861773999999,2.9643375629999937,1.0095011876484559
random,100,0|0|0,0|0|0,2.061572,5.019068809999995,3.5994147499999998,5.418376,4.405511325,6.866097818000001,0.9862475442043223
random,150,0|0|0,0|0|161,6.012137235,6.3481151,6.6262122549999996,8.048238525,7.911078119000005,8.172556154000006,0.8289074503096518
random,200,88|49|190,0|0|0,6.992684879999995,13.270819974999986,6.787936119999999,7.2896743399999995,10.082683279999962,18.980109584999997,1.0185671039354187
random,250,6024|2966|6710,0|0|0,11.463451439999995,17.753418869999997,8.321090580000002,10.100545640000004,19.64801848799999,26.950016493999996,1.2253155889134546
random,300,8060|13438|13495,0|344|0,15.56407348499999,18.223634559999997,11.8225358,15.698197550000001,23.369042943999997,25.275413684000007,1.192462954479501
