case,pattern,users,repeat,viewport_mean_s,viewport_p50_s,viewport_p95_s,slide_open_p95_s,response_mean_kB,ttfb_p95_ms,tiles_per_s,tile_Mbps,tile_requests,tile_failures,tile_successes,unclassified_requests,tile_success_pct,login_failures,target_met
Case 1,coherent,50,1,7.099493004663557,1.8055,27.628849999999993,55.3149,9.055557592186222,756.7836399999999,662.1811107249473,47.97135347702081,488062,1,488061,0,99.99979510799858,0,1
Case 1,coherent,50,2,6.801196535642904,1.5915000000000001,14.9838,468.4975,8.904848826583509,738.3685749999997,621.0301302923955,44.241435416057925,488062,0,488062,0,100.0,0,1
Case 1,coherent,50,3,7.12995378690629,1.631,25.554750000000002,55.70570000000001,8.790707713839035,737.0197999999999,686.9005670838508,48.30673690963531,506596,0,506596,0,100.0,0,1
Case 1,coherent,100,1,13.301684443409409,1.899,57.1305,222.8474,8.982353741330922,801.073545,753.0029413706317,54.10991030122946,698114,87,698027,0,99.98753785198406,0,1
Case 1,coherent,100,2,13.490579656293544,1.8935,55.89625,344.87440000000004,8.97596985715618,804.0546600000001,725.9524287662488,52.129016946681354,696948,33,696915,0,99.99526506999088,0,1
Case 1,coherent,100,3,13.490450329717081,2.062,43.379,593.0724,9.025804358765818,814.0008999999997,792.7822284811938,57.243978347021105,761115,28,761087,0,99.99632118668006,0,1
Case 1,coherent,150,1,21.983661091198726,3.4865,111.29584999999992,364.13069999999936,8.886944313560274,1008.737619999999,806.0128746904302,57.30393226709191,774289,492,773797,0,99.93645783421952,0,1
Case 1,coherent,150,2,24.534951930977815,7.3415,117.76329999999997,151.90739999999988,8.828005340917548,900.0884249999999,755.9279734117596,53.38668949302392,725822,104,725718,0,99.98567141806117,0,1
Case 1,coherent,150,3,19.83243523944231,3.678,82.71799999999955,347.0944,8.869822976674913,1023.2471999999996,783.2817211079528,55.58056165674231,752237,257,751980,0,99.96583523543777,0,1
Case 1,coherent,200,1,28.0228107760206,4.1945,135.9716,600.00495,8.781556269071892,1224.6867600000003,810.6652741453647,56.9512217623209,778993,688,778305,0,99.911680849507,1,1
Case 1,coherent,200,2,27.501435331230287,4.155,135.3696,600.00195,8.787505669912012,1243.2729,809.2576839941706,56.890851892149094,777506,598,776908,0,99.92308741025792,3,1
Case 1,coherent,200,3,28.42145997088792,4.2525,140.6125,474.1583,8.651350365761296,1308.1619799999999,810.0458232964428,56.06392183727273,778417,724,777693,0,99.90699072605044,0,1
Case 1,coherent,250,1,33.507628581290994,5.0795,214.27749999999907,468.0015,8.552235877373487,1507.8658599999987,814.4460276556723,55.72267630320928,783245,1326,781919,0,99.83070431346513,0,1
Case 1,coherent,250,2,31.931767878477558,5.391,153.69089999999986,358.94674999999995,8.678311402501937,1473.5359249999995,825.7823109069794,57.33116835782751,794038,1212,792826,0,99.84736246879872,1,1
Case 1,coherent,250,3,32.00445996511812,3.876,194.9262999999999,282.0095,8.708423714646278,1602.7586399999966,892.1596396515813,62.15443330553688,857667,1074,856593,0,99.87477657412492,0,1
Case 1,coherent,300,1,39.37838841761827,7.6385000000000005,231.80175000000008,346.5527,8.540553151645092,2121.450209999999,817.5551387327265,55.85898493397943,786723,1752,784971,0,99.77730408288559,0,1
Case 1,coherent,300,2,46.824077753384564,21.059,231.62425000000002,344.72645,8.713270101239104,11057.56411999993,453.0204344702596,31.57831525536049,671757,236846,434911,0,64.7423100912979,3,0
Case 1,coherent,300,3,38.73979661016949,7.33,229.64425,265.69205,8.57568972640791,3970.0434399999963,819.148160316815,56.19808370267881,788239,1630,786609,0,99.79320992744586,0,1
Case 1,random,50,1,7.469995498614959,1.2635,21.072950000000006,222.3705,9.226862604573103,617.5703699999979,649.8975492560631,47.9721231522758,469528,0,469528,0,100.0,0,1
Case 1,random,50,2,7.22444669365722,1.8900000000000001,28.56245,32.61834999999978,9.264600708884297,783.1699249999992,716.6432307576748,53.11530706955749,481884,0,481884,0,100.0,0,1
Case 1,random,50,3,7.09898322368421,1.667,27.832249999999995,29.835849999999926,9.219248170929104,741.043745,739.7674566564965,54.56079817354624,494240,0,494240,0,100.0,0,1
Case 1,random,100,1,14.193788600794207,1.97,55.156,221.70085,9.246934791433935,838.0012399999997,723.590845767927,53.527978931956405,694682,34,694648,0,99.99510567425095,0,1
Case 1,random,100,2,14.055090066539924,2.3205,57.04874999999999,224.296,9.258449525231894,826.0042,711.4212954139633,52.693265238122144,683050,85,682965,0,99.98755581582607,0,1
Case 1,random,100,3,14.77017599460553,2.46,55.790799999999976,241.42419999999993,9.254302765005637,855.3724799999995,753.2748095915563,55.76826522569786,723182,37,723145,0,99.99488372221654,0,1
Case 1,random,150,1,22.887143377885785,4.0095,116.50439999999996,250.47820000000002,9.223558690809543,1170.8793999999994,782.278401914997,57.72312602092536,751407,378,751029,0,99.94969437335558,0,1
Case 1,random,150,2,20.865641796799693,3.4490000000000003,114.7402,256.18924999999996,9.240339118779088,887.399164999998,846.2847766174192,62.55966661604127,812732,291,812441,0,99.96419483913516,1,1
Case 1,random,150,3,22.15895441823271,4.1605,116.86604999999999,260.5005,9.237323493449782,1067.1439999999986,787.1498354543369,58.16926134325981,755964,264,755700,0,99.9650777021128,0,1
Case 1,random,200,1,29.05852091540049,4.164,149.4775,384.565,9.22063175938475,1062.2900199999995,779.332067244773,57.487472082752994,748785,603,748182,0,99.91946954065587,0,1
Case 1,random,200,2,29.00135029317193,4.416,137.55970000000002,600.001,9.22517102578445,1195.1325099999997,787.702535643889,58.133524870071575,756979,748,756231,0,99.90118616236381,1,1
Case 1,random,200,3,28.889344295800818,5.66,137.98954999999995,467.03220000000005,9.242208630193119,1256.30474,788.0134032029288,58.26387420631966,757269,739,756530,0,99.90241248486338,0,1
Case 1,random,250,1,35.762079819004526,7.035,225.436,345.55815,9.231154873630569,1402.7197,769.3214912120629,56.81380666392777,739785,1157,738628,0,99.84360320904047,0,1
Case 1,random,250,2,35.01976902654867,7.1665,221.11425000000006,345.09495000000004,9.20942234738982,1524.7272,781.7940746629371,57.59897457806238,751641,1003,750638,0,99.86655863637029,0,1
Case 1,random,250,3,36.21775467625899,5.845,224.34310000000002,375.7631,9.225973138566898,1627.8856400000004,775.3943640326808,57.230140594893406,745653,1240,744413,0,99.83370280814266,0,1
Case 1,random,300,1,41.3641609862219,7.083,243.07475,465.48889999999994,9.23880809432795,2228.3021,750.944970187033,55.502691751670575,722501,1527,720974,0,99.78865081155597,0,1
Case 1,random,300,2,42.62609710272169,7.1930000000000005,248.35280000000003,364.66095,9.234552944407127,2054.0109599999964,773.4023173210303,57.13619717302573,744750,1867,742883,0,99.74931184961396,0,1
Case 1,random,300,3,42.537868081343944,7.1450000000000005,241.6749,468.15209999999996,9.225715432932388,1919.7207050000002,778.1174328938456,57.429520074259855,749118,1969,747149,0,99.73715756396189,0,1
Case 2,coherent,50,1,5.958232909860859,2.56,21.3135,25.962200000000017,8.881876030028746,1280.56725,903.8120470924091,64.22037245377024,537486,1,537485,0,99.99981394864238,1,1
Case 2,coherent,50,2,6.322634638922889,2.6405,23.982549999999996,37.49625,9.16441451176062,1323.321755,855.4617234107337,62.71844665824863,531308,1,531307,0,99.99981178525451,0,1
Case 2,coherent,50,3,6.195537770897833,2.733,22.034049999999986,20.364,8.91956077184991,1269.9065049999997,903.9052892125028,64.4995052730199,525130,2,525128,0,99.99961914192676,0,1
Case 2,coherent,100,1,12.075707894736842,5.3355,39.7174499999999,64.26455,9.03207549689456,1851.9021449999984,928.645263199897,67.10075301643992,617800,13,617787,0,99.99789575914535,6,1
Case 2,coherent,100,2,12.557558363731111,5.5445,44.85689999999991,65.756,9.035412436297998,1993.2181250000003,925.0564066891856,66.86612929021285,623978,175,623803,0,99.97195413940877,6,1
Case 2,coherent,100,3,12.353090526315789,6.133,39.93174999999995,73.45374999999999,9.032186542763446,1914.7550349999988,925.4263037143368,66.8689840538236,617800,6,617794,0,99.99902881191323,9,1
Case 2,coherent,150,1,19.417129026548672,9.956,70.53780000000002,109.83349999999987,9.025490760133122,2601.9129,952.4498289797647,68.7706170475779,914362,9,914353,0,99.99901570712694,7,1
Case 2,coherent,150,2,19.079583509513743,9.8675,64.43425,140.81364999999997,9.027094051995341,2622.0258799999983,958.8980916929123,69.24850607992617,920549,5,920544,0,99.99945684586046,8,1
Case 2,coherent,150,3,19.39811046511628,10.0805,69.119,107.40884999999969,9.037404990976887,2584.0721999999987,958.1869548315472,69.27618854306856,919869,9,919860,0,99.99902159981475,9,1
Case 2,coherent,200,1,25.72745198182673,13.31,92.43299999999992,162.94764999999995,8.828772987454245,3406.791699999991,947.8575367613108,66.94735213210545,910047,18,910029,0,99.99802208017827,15,1
Case 2,coherent,200,2,25.83621469104666,13.293000000000001,91.10979999999999,169.0024999999999,8.79755613385358,3335.060725,945.0018618883403,66.5096554124706,907284,24,907260,0,99.99735474228576,27,1
Case 2,coherent,200,3,25.691022538738455,12.975,92.71959999999991,139.32885,8.81137169488051,3377.8110399999996,950.2048644652168,66.98086597669267,912844,585,912259,0,99.93591457028802,22,1
Case 2,coherent,250,1,30.53514780805687,14.6125,114.16969999999996,182.72079999999997,8.63304090731117,4010.172839999987,936.296859868161,64.66471274103063,899045,37,899008,0,99.99588452190936,20,1
Case 2,coherent,250,2,30.216686438152013,14.043000000000001,116.61979999999973,161.21344999999985,8.645826650605628,3968.318919999995,919.9862051552633,63.6323300057673,883340,43,883297,0,99.99513211221047,27,1
Case 2,coherent,250,3,29.69683926739927,13.979000000000001,113.2185999999998,204.57754999999992,8.633182959914851,3781.3943799999997,928.5841756857802,64.13309665901646,891657,30,891627,0,99.99663547754349,29,1
Case 2,coherent,300,1,35.04830738692755,15.024000000000001,143.988,245.79185000000004,8.502763305565493,4792.800375000001,916.992053010998,62.37573103869665,880576,61,880515,0,99.99307271604042,31,1
Case 2,coherent,300,2,35.57411733371725,16.081500000000002,135.7525,196.56065000000007,8.534247859250366,4859.502309999995,895.144295262987,61.1150662845466,859574,62,859512,0,99.99278712478507,38,1
Case 2,coherent,300,3,35.18758447880871,16.8655,137.79414999999977,279.7721000000001,8.591705696093417,4627.181325,906.1553287133096,62.283359194012355,870126,56,870070,0,99.99356415047936,35,1
Case 2,random,50,1,6.32155545112782,2.8315,21.558099999999992,33.62214999999999,9.235346026888859,1296.0355949999987,875.2563589016536,64.66636269353276,518952,1,518951,0,99.99980730395104,1,1
Case 2,random,50,2,6.270592580849715,2.5395,23.826449999999994,23.906299999999973,9.244463612553703,1257.1568049999998,866.7731519068891,64.10282290513375,512774,1,512773,0,99.9998049823119,1,1
Case 2,random,50,3,6.413897368421052,2.5265,25.960999999999945,38.681149999999995,9.244118610391713,1259.960425,842.30858328376,62.29120360340866,494240,0,494240,0,100.0,2,1
Case 2,random,100,1,12.56073605263158,5.535,45.529849999999996,63.718799999999995,9.257378897530735,2015.6596499999998,926.3072733058594,68.60141923624718,617800,5,617795,0,99.99919067659437,3,1
Case 2,random,100,2,13.154071842105262,6.1245,46.41539999999997,59.13124999999999,9.257345523441394,2002.2847899999929,846.6679579491882,62.70318264289748,617800,4,617796,0,99.9993525412755,3,1
Case 2,random,100,3,12.96326393955185,5.751,45.774799999999985,70.874,9.259551749116946,1989.8230950000013,884.1937627413912,65.49790321880276,623978,6,623972,0,99.99903842763688,5,1
Case 2,random,150,1,23.35267784339874,11.746,89.6706,128.04339999999988,9.19174594267391,3001.5311849999985,827.6867384162742,60.86308975714232,794622,10,794612,0,99.99874154000267,5,1
Case 2,random,150,2,19.929241678470255,10.293000000000001,68.74814999999994,103.24499999999934,9.245712467239088,2639.8919799999894,947.1194251829846,70.05435101902911,909253,14,909239,0,99.99846027453304,11,1
Case 2,random,150,3,19.34910583229924,9.764,70.87,138.6457999999999,9.24676252220775,2489.9330799999993,949.2413214355352,70.21927260464852,911293,12,911281,0,99.99868318970957,8,1
Case 2,random,200,1,26.65825226244344,13.51,94.62979999999993,142.17399999999992,9.206709016125874,3559.0179449999973,909.4141646039975,66.98169270921763,873142,73,873069,0,99.99163938969835,25,1
Case 2,random,200,2,26.831771400296883,12.598,101.5799,131.24919999999986,9.218308568822454,3340.0459199999996,883.7853395021008,65.17604774505502,848579,26,848553,0,99.99693605427426,21,1
Case 2,random,200,3,26.2556911788164,13.319,94.89659999999996,206.18749999999986,9.212841679783402,3392.4385099999963,924.4669862256329,68.13574385826607,887607,64,887543,0,99.99278960170436,23,1
Case 2,random,250,1,31.29574803268765,15.292,119.61394999999996,174.08520000000001,9.212399147479864,4034.3517899999965,885.0191609492811,65.22519811066,849807,91,849716,0,99.98929168622993,25,1
Case 2,random,250,2,31.334688574471322,14.797,118.55339999999997,161.19369999999998,9.236219946480887,4181.708089999999,878.4329127940194,64.90719672634742,843494,57,843437,0,99.99324239413677,23,1
Case 2,random,250,3,31.055994855500078,14.959,115.84819999999998,210.6581,9.22899440719042,4122.709539999995,885.2829605799864,65.36217193578936,850637,617,850020,0,99.92746612244706,29,1
Case 2,random,300,1,37.43903789601334,17.166,146.0478,246.9878,9.258820477552884,5080.156959999999,841.1918003068996,62.30755092984879,807814,71,807743,0,99.99121084804175,34,1
Case 2,random,300,2,37.00301688527062,17.162,139.89879999999988,221.03280000000004,9.252226310563286,4904.562604999998,852.6881112343214,63.11410701973361,818824,73,818751,0,99.99108477523863,34,1
Case 2,random,300,3,36.76166089034957,16.449,152.2217499999998,256.8932000000001,9.241892746896767,4494.736919999986,860.3526715198059,63.610296917537205,826150,76,826074,0,99.99080070205169,36,1
Case 3,coherent,50,1,2.984948496240601,1.012,12.277050000000003,13.872899999999998,3.376005541552976,910.6762,1431.5478158612868,38.66330687476611,864920,0,864920,0,100.0,0,1
Case 3,coherent,50,2,2.9629427244582045,0.998,11.0376,9.34525,3.4440398115704682,950.1562849999991,1608.3138407835763,44.312775177267554,840208,0,840208,0,100.0,0,1
Case 3,coherent,50,3,3.06004765851637,0.9580000000000001,10.9115,7.068999999999999,3.371670665276585,914.3245750000001,1397.9613165395835,37.70772129734358,784606,0,784606,0,100.0,0,1
Case 3,coherent,100,1,7.778925386996905,3.2065,29.302099999999985,29.36284999999998,3.383665086740426,5073.9909,1145.498457732576,31.00786510675777,1050260,0,1050260,0,100.0,0,1
Case 3,coherent,100,2,7.0405542578356,1.9120000000000001,28.048799999999996,14.4769,3.3600387229422273,3668.7643599999988,1358.8900558186008,36.52738566217298,1099684,0,1099684,0,100.0,0,1
Case 3,coherent,100,3,7.077289473684211,2.2985,28.80075,27.859699999999997,3.369271114447223,4743.9193,1432.3210401278263,38.607023256941496,1124396,0,1124396,0,100.0,0,1
Case 3,coherent,150,1,11.915303576621112,3.732,46.68559999999997,14.676,3.3360936203852916,4951.68074,1252.2662529867323,33.42141966090265,1118218,0,1118218,0,100.0,0,1
Case 3,coherent,150,2,10.676373563218391,3.2805,48.11064999999999,13.834799999999992,3.353355235241294,5576.159809999996,1266.695996948233,33.98145322260438,1216028,0,1216028,0,100.0,0,1
Case 3,coherent,150,3,12.316725925925926,3.638,43.97654999999993,27.000949999999996,3.3300141399629997,5427.286689999998,1325.4269259203866,35.30952323842063,1272422,0,1272422,0,100.0,0,1
Case 3,coherent,200,1,17.806190482282208,6.431,66.26239999999999,15.095999999999998,3.3934728362578,8692.0111,1305.126687799827,35.43129570339062,1253661,612,1253049,0,99.95118297530193,1,1
Case 3,coherent,200,2,18.65760148032723,7.208,70.586,27.9498,3.3906505842812398,8452.183159999995,1273.6229564031516,34.54728337025877,1222977,107,1222870,0,99.99125085753862,0,1
Case 3,coherent,200,3,16.59895755111802,5.657,65.40649999999998,58.072299999999984,3.386642994737076,7291.824534999996,1359.9639223630184,36.845698326126985,1306184,66,1306118,0,99.99494711311729,1,1
Case 3,coherent,250,1,26.609184436517374,10.388,105.57799999999995,27.628,3.368992387761777,10015.568369999994,1107.6979000845342,29.854606346596007,1066632,2556,1064076,0,99.7603672119344,1,1
Case 3,coherent,250,2,25.85645993948165,10.413,117.105,17.82285,3.3798961009885304,9708.226555,1148.5931772460876,31.057004811168635,1109898,6644,1103254,0,99.40138643370832,3,1
Case 3,coherent,250,3,25.327511396011396,9.605500000000001,109.43029999999992,27.823150000000002,3.4512550887212656,14976.3087,1138.982204126853,31.447345023646125,1099256,5268,1093988,0,99.52076677316293,5,1
Case 3,coherent,300,1,32.53046788990826,18.339,118.17945,31.63665000000001,3.407037894680766,14284.705654999998,976.8070605338415,26.624149368244215,949664,11089,938575,0,98.83232385348923,10,1
Case 3,coherent,300,2,34.20015960591133,16.248,117.74199999999996,23.075300000000016,3.384800061952842,14650.767734999996,987.8027043480231,26.74811723899499,958880,9771,949109,0,98.9809986651093,2,1
Case 3,coherent,300,3,33.74502294215795,19.0775,121.57674999999999,30.245100000000033,3.4458600021909755,14592.557499999997,940.3196101620131,25.921677871464734,916328,12621,903707,0,98.62265476990771,0,1
Case 3,random,50,1,3.0571118881118884,1.32,11.91264999999998,7.0293,3.502595062108497,1153.8046999999992,1554.4381448351894,43.556538963622614,883454,0,883454,0,100.0,0,1
Case 3,random,50,2,2.9980487938596494,1.17,11.67149999999997,7.509749999999998,3.5005087901514336,1081.4566949999974,1512.7354108718953,42.362748823443276,889632,0,889632,0,100.0,0,1
Case 3,random,50,3,3.1025400628436763,1.4675,11.22585,8.59974999999998,3.508105697636776,963.9064249999986,1403.6006163502384,39.39183455539809,827852,0,827852,0,100.0,0,1
Case 3,random,100,1,7.320347678018575,2.6575,28.5661,13.328749999999985,3.510201872869575,4934.728149999985,1334.4257892771134,37.47283123780787,1050260,0,1050260,0,100.0,0,1
Case 3,random,100,2,7.120852978254018,1.856,24.75625,26.707599999999967,3.509757429782714,1868.691325,1295.5455786225841,36.376405761542074,1031726,0,1031726,0,100.0,0,1
Case 3,random,100,3,7.563846848225214,3.351,28.96075,13.929699999999999,3.5095126339147913,4804.0914,1386.9456364931377,38.94002587060527,1062616,0,1062616,0,100.0,0,1
Case 3,random,150,1,11.61972932330827,4.037,50.102499999999985,49.1672999999996,3.4987755136213514,6250.332479999998,1449.1132037719728,40.56097435058213,1254134,0,1254134,0,100.0,0,1
Case 3,random,150,2,11.991280359435173,4.6005,49.87419999999994,28.573199999999996,3.5020782272264293,6278.469525000001,1413.8903411794604,39.61243663624268,1266490,0,1266490,0,100.0,0,1
Case 3,random,150,3,11.924788579458355,3.896,50.28419999999998,28.11625,3.5048651321475828,5931.181999999993,1336.3178601353318,37.468910987635155,1272668,0,1272668,0,100.0,0,1
Case 3,random,200,1,20.624307556401195,8.323500000000001,88.93984999999998,14.085049999999999,3.508285425757451,13097.387094999991,1214.3357767261282,34.081892059713034,1166104,88,1166016,0,99.99245350328958,2,1
Case 3,random,200,2,16.71848061828282,6.223,66.036,54.64025,3.5002353683026124,6903.36456,1332.6133102868137,37.31568192749383,1279839,49,1279790,0,99.99617139343309,0,1
Case 3,random,200,3,17.55551793400287,6.4830000000000005,74.33284999999968,118.47549999999998,3.4947510591602535,7427.6589,1343.180984626316,37.55266534933384,1290127,190,1289937,0,99.98527276771976,1,1
Case 3,random,250,1,27.18469191784476,12.823,101.14979999999996,28.026899999999998,3.485387626541994,14421.10355,1048.9448452011152,29.247835075111794,1013891,6024,1007867,0,99.40585329192191,4,1
Case 3,random,250,2,26.203354642715627,10.693,112.9765,28.80975,3.4818026358090477,17440.610134999995,1068.3402045278817,29.75799792052765,1029444,2966,1026478,0,99.7118833078827,7,1
Case 3,random,250,3,27.58403997831685,11.303,103.3933,17.06749999999999,3.4877380154925555,10813.450234999984,1049.003981835088,29.269208526794394,1014678,6710,1007968,0,99.33870646648494,2,1
Case 3,random,300,1,32.56369006244909,20.421,109.47175,27.732750000000003,3.462017928632257,15717.785914999997,948.2009885455658,26.261510578332626,919284,8060,911224,0,99.12323068823127,3,1
Case 3,random,300,2,35.122200286327846,17.063,129.4732,21.510300000000004,3.4770914063130705,14031.364985,927.9229317418267,25.81178281344268,905302,13438,891864,0,98.51563345712259,1,1
Case 3,random,300,3,33.219306504509426,19.4075,115.6798999999997,28.25515,3.4674406159382514,17470.278280000002,937.9786069687489,26.01908094947697,914949,13495,901454,0,98.52505440193934,7,1
Case 4,coherent,50,1,2.996898120300752,0.9285,10.719200000000004,7.295399999999995,3.4381626196642463,962.6474399999997,1479.9800209746975,40.707295887720896,864920,0,864920,0,100.0,0,1
Case 4,coherent,50,2,2.886251440645409,1.0265,11.15,9.519999999999959,3.368943665183498,904.2372,1311.2065407992807,35.33904775498324,846386,0,846386,0,100.0,0,1
Case 4,coherent,50,3,2.7609389697648377,1.027,10.935849999999993,6.6850000000000005,3.369151892209602,1037.2168549999976,1680.0452196154154,45.282620245319784,871098,0,871098,0,100.0,0,1
Case 4,coherent,100,1,8.429568454363759,3.6415,30.7431,9.205,3.3960033991583036,5275.9051549999995,1248.5443341159382,33.920486421260534,976124,0,976124,0,100.0,0,1
Case 4,coherent,100,2,8.19407085020243,3.1865,31.131649999999997,17.620199999999972,3.393218314270335,4860.879889999993,1261.0667642478536,34.23259871970759,1044082,0,1044082,0,100.0,0,1
Case 4,coherent,100,3,7.282766874814154,2.0955,28.72475,14.9648,3.3318431458080706,4829.826575,1410.4551458563326,37.59532248152915,1093506,0,1093506,0,100.0,0,1
Case 4,coherent,150,1,13.94901840385277,4.9095,57.556649999999934,7.000200000000001,3.3879034619998856,9954.824429999995,1186.1526599392146,32.1485656245475,945234,0,945234,0,100.0,0,1
Case 4,coherent,150,2,12.508593501911202,4.3165000000000004,52.65775,14.520199999999997,3.3803087672783763,5724.500909999999,1218.6785399491419,32.95607802467276,1105862,0,1105862,0,100.0,0,1
Case 4,coherent,150,3,12.316159860859045,4.039,55.09714999999999,14.138499999999997,3.3630069704141135,6553.576244999997,1253.629865536599,33.727727808951116,1074972,0,1074972,0,100.0,0,1
Case 4,coherent,200,1,21.28566960167715,8.457,85.20999999999985,13.613049999999992,3.410768345146146,9820.549199999996,1155.9389273372499,31.54111921827266,1109953,0,1109953,0,100.0,0,1
Case 4,coherent,200,2,16.918985215554727,5.686,64.88939999999998,13.782599999999995,3.3720793120711083,6987.2909999999965,1358.7221595020521,36.6537510792756,1304379,0,1304379,0,100.0,0,1
Case 4,coherent,200,3,16.725202063628547,5.752,63.885,13.91095,3.3580297675148034,6929.043775,1368.220334969711,36.756196906778925,1313546,0,1313546,0,100.0,0,1
Case 4,coherent,250,1,25.093452263217955,8.755,111.12459999999999,22.50364999999977,3.404256655695604,8333.61836,1193.5271904772333,32.504583055486364,1146349,0,1146349,0,100.0,1,1
Case 4,coherent,250,2,24.17646072002969,7.932,111.64459999999968,9.3484,3.419762686713894,9142.669889999996,1239.0840285166635,33.898986611395365,1190123,0,1190123,0,100.0,0,1
Case 4,coherent,250,3,23.54781713303878,8.656,103.30514999999998,13.5565,3.3963783570208075,8799.77262,1250.2978152746557,33.97187551703392,1200917,1,1200916,0,99.9999167302986,2,1
Case 4,coherent,300,1,28.938535449349388,12.674,118.149,29.47135,3.4499586426822084,10162.103149999999,1160.788037723736,32.037365784536995,1115111,0,1115111,0,100.0,3,1
Case 4,coherent,300,2,30.322630164510862,12.999,107.00219999999993,12.717500000000005,3.3906684007600147,10066.74591,1105.9557156104318,29.99943278048176,1062635,24,1062611,0,99.99774146343759,1,1
Case 4,coherent,300,3,29.94967413771635,14.044,116.2705,11.239450000000001,3.4175554582248657,11923.013194999998,1095.4144427479387,29.94911686265254,1052540,0,1052540,0,100.0,1,1
Case 4,random,50,1,3.1217724780701754,1.6085,13.026149999999983,6.800749999999999,3.502855258129204,1831.1335649999999,1533.743953507176,42.97986457733188,889632,0,889632,0,100.0,0,1
Case 4,random,50,2,3.191110221205187,1.272,13.359549999999999,7.350400000000001,3.499296140817581,1805.1817949999997,1546.816303892994,43.30214658213174,852564,0,852564,0,100.0,0,1
Case 4,random,50,3,3.133185314685315,1.585,12.68554999999997,7.374200000000001,3.5019016870148305,1817.6841749999996,1508.4593532596466,42.25981083178605,883454,0,883454,0,100.0,0,1
Case 4,random,100,1,7.611130952380952,3.0325,29.40399999999998,16.75365000000002,3.5125066855894187,5349.93352,1504.737821877937,42.2832132752441,1037904,0,1037904,0,100.0,0,1
Case 4,random,100,2,7.944661719706242,3.5625,31.426000000000002,12.643099999999967,3.502692299946547,5365.343449999999,1448.0981144401037,40.57793692013172,1062616,0,1062616,0,100.0,0,1
Case 4,random,100,3,7.891775341130604,2.8065,31.795,7.526099999999998,3.507552490118261,3540.776025,1229.2106021392055,34.4921656673051,1000836,0,1000836,0,100.0,0,1
Case 4,random,150,1,12.823254335260115,4.849,52.48409999999996,14.452200000000001,3.503912414366099,6502.051839999997,1325.7467634374852,37.16240434171424,1068794,0,1068794,0,100.0,0,1
Case 4,random,150,2,13.687830505540168,5.0920000000000005,51.1495,6.857499999999999,3.50803939275187,7938.71545,1172.9020137242962,32.9166917438626,939056,0,939056,0,100.0,0,1
Case 4,random,150,3,14.532977682403434,6.346,56.089999999999975,113.06909999999998,3.5086193480990993,6558.885919999998,1183.606869700617,33.222607708596755,1136438,161,1136277,0,99.98583292709326,0,1
Case 4,random,200,1,18.00723181114551,6.9430000000000005,66.3188,7.144999999999997,3.5103318018814074,7198.939499999998,1312.0671169799434,36.84632741550039,1259589,0,1259589,0,100.0,0,1
Case 4,random,200,2,16.907688960037948,6.644,64.8154,56.5265,3.500321397651477,6669.963049999998,1366.429751122731,38.263546369939824,1312144,0,1312144,0,100.0,0,1
Case 4,random,200,3,18.258948383799666,7.072,67.20459999999999,13.413799999999933,3.5086677341828074,7160.010499999999,1284.8358560647084,36.064496895163096,1233705,0,1233705,0,100.0,0,1
Case 4,random,250,1,22.438566580249823,7.2565,109.69500000000001,112.93745,3.4938727324359182,8229.72488,1319.7794687115847,36.88913198848135,1267715,0,1267715,0,100.0,0,1
Case 4,random,250,2,24.385979161528976,8.944,113.72539999999992,29.09419999999999,3.497355285121462,9975.357120000002,1227.9770927833372,34.35737740363114,1179585,0,1179585,0,100.0,2,1
Case 4,random,250,3,22.032789401238816,7.2235000000000005,110.30414999999995,203.8842999999964,3.494425360324559,8411.9695,1353.1582887606082,37.82808512622762,1299731,0,1299731,0,100.0,0,1
Case 4,random,300,1,29.445370973668094,15.65,100.3962,23.673650000000002,3.4738981087984864,13691.486044999994,1100.0470221396004,30.571610158401313,1057000,0,1057000,0,100.0,3,1
Case 4,random,300,2,30.76769889084951,9.959,121.61429999999991,55.681000000000004,3.4820087129244297,11509.692059999996,1139.9834802829505,31.755459287481187,1095843,344,1095499,0,99.96860864193137,3,1
Case 4,random,300,3,28.376946488294315,13.56,113.66505,55.439550000000004,3.4774301431841645,15497.413,1159.414455264478,32.25426220144115,1113951,0,1113950,1,99.99991022944457,1,1
Case 5,coherent,50,1,0.1634466220522626,0.012,0.8278999999999979,0.34175,3.4027199915390636,134.3501284,5176.113016034744,140.9029059050158,2018689,0,2018689,0,100.0,0,1
Case 5,coherent,50,2,0.17168845875833266,0.012,0.881,0.41079999999999983,3.4107333537230633,139.94467539999994,5139.160656637131,140.22645329386864,2004277,0,2004277,0,100.0,0,1
Case 5,coherent,50,3,0.16685793092420853,0.013000000000000001,0.8406499999999997,0.3743,3.4040244568836484,132.43799525,5159.660460788692,140.50888318192207,2012276,0,2012276,0,100.0,0,1
Case 5,coherent,100,1,0.47950236554986964,0.01,2.6193999999999944,1.2723999999999993,3.443462253730068,349.6410366,8493.452586934345,233.97506709563532,3312473,0,3312473,0,100.0,0,1
Case 5,coherent,100,2,0.47988854548966586,0.011,2.542649999999998,1.3073999999999992,3.4408575587749075,353.89720934999997,8493.431955743381,233.79751635887962,3312468,0,3312468,0,100.0,0,1
Case 5,coherent,100,3,0.476104225758377,0.011,2.544,1.17275,3.4350886769551314,353.1058897999998,8525.978861380656,234.29994757349994,3325148,0,3325148,0,100.0,0,1
Case 5,coherent,150,1,0.7269812621466026,0.014,3.785,2.0715,3.4802206377262346,528.45310895,11152.590705829934,310.50781070834506,4349579,0,4349578,1,99.99997700926917,0,1
Case 5,coherent,150,2,0.724135384163577,0.014,3.6630000000000003,2.2375000000000003,3.4774809132023314,542.8992059,11142.271258774072,309.97628505687806,4345543,0,4345543,0,100.0,0,1
Case 5,coherent,150,3,0.7026211609057537,0.012,3.6253999999999977,2.3867000000000007,3.4750875854209453,537.1956494499998,11258.582448221432,312.99648076201964,4390902,0,4390902,0,100.0,0,1
Case 5,coherent,200,1,0.8857960559987957,0.011,4.948599999999999,3.171099999999998,3.4951371677310408,703.9172183499998,13540.666321326586,378.61188908409997,5281038,0,5281038,0,100.0,0,1
Case 5,coherent,200,2,0.8789283159508281,0.012,4.7915,2.8895,3.4970289833412567,697.5569635999991,13552.926464670909,379.1598132483754,5285934,0,5285933,1,99.99998108186746,0,1
Case 5,coherent,200,3,0.887239799764784,0.012,5.045,2.786399999999999,3.495221775261401,700.9276196,13525.61356591674,378.20015247490556,5275133,0,5275133,0,100.0,0,1
Case 5,coherent,250,1,0.955482280710844,0.015,5.047599999999977,3.4047499999999995,3.486054351351965,736.696038,15690.045679115176,437.57081610072447,6119351,0,6119351,0,100.0,0,1
Case 5,coherent,250,2,0.9401325106884104,0.014,5.021,3.3595999999999995,3.502467176293549,730.1411235,15847.416571281861,444.0404509597214,6180731,0,6180731,0,100.0,0,1
Case 5,coherent,250,3,0.9423423027499357,0.014,4.973,3.6104,3.4882638263877097,729.7444823499998,15825.763642689277,441.6355107180384,6172328,0,6172328,0,100.0,0,1
Case 5,coherent,300,1,1.102968689799234,0.019,6.076799999999996,4.360100000000005,3.492759332201021,810.3281437999999,17700.29375154798,494.58292946734895,6903275,0,6903275,0,100.0,0,1
Case 5,coherent,300,2,1.1123765986141467,0.019,6.07625,4.390199999999997,3.496727726467381,829.5291699999999,17638.83605825923,493.4256568602211,6879589,0,6879589,0,100.0,0,1
Case 5,coherent,300,3,1.1057716212117679,0.019,6.277800000000003,4.173,3.4971180336781087,810.6634370999999,17610.819924057825,492.69692755424285,6868438,0,6868438,0,100.0,0,1
Case 5,random,50,1,0.18960776384957542,0.013000000000000001,0.9617999999999993,0.4,3.506192408153006,157.23615479999992,5080.130565843266,142.49532177908554,1981257,0,1981257,0,100.0,0,1
Case 5,random,50,2,0.20056905075807516,0.012,1.02225,0.43465,3.5086930496699926,165.6649027999999,4996.765636005278,140.25693486305263,1948742,0,1948742,0,100.0,0,1
Case 5,random,50,3,0.20634816882903595,0.012,1.026,0.44145,3.507878501120963,163.8676224,5005.980435459518,140.48296917264483,1952339,0,1952339,0,100.0,0,1
Case 5,random,100,1,0.5193117470620052,0.01,2.871800000000003,1.2116,3.5144148349524573,390.5390812,8358.40411318703,234.99919529529706,3259788,0,3259788,0,100.0,0,1
Case 5,random,100,2,0.5119483139449271,0.011,2.747,1.0311000000000001,3.5148232059487974,380.3829446499999,8385.365940422958,235.78463038217023,3270308,0,3270308,0,100.0,0,1
Case 5,random,100,3,0.5203632501852309,0.011,2.8970000000000002,1.0676999999999996,3.5137831705406497,389.1664023999998,8337.097117002057,234.35801232707837,3251477,0,3251477,0,100.0,0,1
Case 5,random,150,1,0.7479896995072066,0.011,3.916,1.9204999999999999,3.5167138444297974,612.2185469999997,11133.758872554628,313.2339517412476,4342194,0,4342194,0,100.0,0,1
Case 5,random,150,2,0.7470344239819173,0.011,3.914999999999971,2.15525,3.517293788355877,613.1737704999999,11141.385659753398,313.50021259782295,4345163,0,4345162,1,99.99997698590363,0,1
Case 5,random,150,3,0.7417481817846199,0.011,3.802,1.9881999999999989,3.516812869959687,612.40800275,11168.887946388846,314.2311109839833,4355880,0,4355880,0,100.0,0,1
Case 5,random,200,1,0.8897849043019139,0.012,4.659349999999999,2.9661999999999997,3.5160403431771052,742.9986979999999,13628.564744072519,383.34866767808103,5315273,0,5315273,0,100.0,0,1
Case 5,random,200,2,0.8962187812793836,0.012,4.869799999999996,3.853,3.515250178107319,777.00217625,13438.724709718492,377.9238354349853,5241222,0,5241222,0,100.0,0,1
Case 5,random,200,3,0.8880329107094685,0.012,4.644,2.659699999999998,3.5164262557064334,747.2436721999998,13652.185264631977,384.05522169856295,5324473,0,5324473,0,100.0,0,1
Case 5,random,250,1,0.9693550563540482,0.014,5.131,3.4133999999999993,3.5141075537467787,851.1117856999999,15719.053551418814,441.90755858232785,6130600,0,6130600,0,100.0,0,1
Case 5,random,250,2,0.9671584616179357,0.014,5.13525,3.3775,3.5162798703232085,822.5820637000002,15742.015041926094,442.826644881999,6139572,0,6139572,0,100.0,0,1
Case 5,random,250,3,0.9697692605697462,0.014,5.127099999999999,3.4098499999999987,3.5154955258589524,834.6344194499998,15744.769770401872,442.8053414682165,6140620,0,6140620,0,100.0,0,1
Case 5,random,300,1,1.1142617167422084,0.018000000000000002,6.193899999999994,4.359799999999992,3.5174087195464243,942.51263075,17607.88848807032,495.4731240059172,6867216,1,6867215,0,99.99998543805816,0,1
Case 5,random,300,2,1.1133483557775339,0.018000000000000002,6.185099999999991,4.572749999999998,3.518106482355984,943.00469485,17646.509733160605,496.6584022655222,6882220,0,6882220,0,100.0,0,1
Case 5,random,300,3,1.113931863727455,0.018000000000000002,6.142699999999997,4.4155999999999995,3.5184559024547264,950.3595298999983,17667.927085784097,497.3105787129343,6890667,0,6890667,0,100.0,0,1
